1_Player,2_Nation,3_Pos,4_Squad,5_Age,6_Born,Playing Time_MP,Playing Time_Starts,Playing Time_Min,Playing Time_90s,Performance_Gls,Performance_Ast,Performance_G-PK,Performance_PK,Performance_PKatt,Performance_CrdY,Performance_CrdR,Per 90 Minutes_Gls,Per 90 Minutes_Ast,Per 90 Minutes_G+A,Per 90 Minutes_G-PK,Per 90 Minutes_G+A-PK,Expected_xG,Expected_npxG,Expected_xA,Expected_npxG+xA,Per 90 Minutes_xG,Per 90 Minutes_xA,Per 90 Minutes_xG+xA,Per 90 Minutes_npxG,Per 90 Minutes_npxG+xA,32_Matches
Luis Abram,pe PER,DF,Granada,26-016,1996,8,6,560,6.2,0,0,0,0,0,2,0,0.00,0.00,0.00,0.00,0.00,0.5,0.5,0.0,0.5,0.08,0.00,0.08,0.08,0.08,Matches
Marcos Acuña,ar ARG,DF,Sevilla,30-138,1991,24,19,1665,18.5,1,3,1,0,0,6,0,0.05,0.16,0.22,0.05,0.22,1.3,1.3,2.7,4.0,0.07,0.14,0.21,0.07,0.21,Matches
Martin Agirregabiria,es ESP,DF,Alavés,25-309,1996,18,16,1457,16.2,0,1,0,0,0,3,0,0.00,0.06,0.06,0.00,0.06,0.1,0.1,0.9,1.0,0.01,0.06,0.06,0.01,0.06,Matches
Julen Agirrezabala,es ESP,GK,Athletic Club,21-079,2000,4,4,360,4.0,0,0,0,0,0,0,0,0.00,0.00,0.00,0.00,0.00,0.0,0.0,0.0,0.0,0.00,0.00,0.00,0.00,0.00,Matches
Sergio Agüero,ar ARG,FW,Barcelona,33-286,1988,4,2,151,1.7,1,0,1,0,0,0,0,0.60,0.00,0.60,0.60,0.60,1.1,1.1,0.3,1.3,0.64,0.16,0.80,0.64,0.80,Matches
Álvaro Aguirre,es ESP,FW,Rayo Vallecano,22-040,2000,1,0,9,0.1,0,0,0,0,0,0,0,0.00,0.00,0.00,0.00,0.00,0.0,0.0,0.0,0.0,0.00,0.00,0.00,0.00,0.00,Matches
Joseph Aidoo,gh GHA,DF,Celta Vigo,26-167,1995,22,20,1738,19.3,0,0,0,0,0,1,0,0.00,0.00,0.00,0.00,0.00,0.1,0.1,0.1,0.2,0.01,0.00,0.01,0.01,0.01,Matches
Carlos Akapo,gq EQG,DF,Cádiz,29-003,1993,16,13,1178,13.1,0,0,0,0,0,4,0,0.00,0.00,0.00,0.00,0.00,0.2,0.2,0.3,0.5,0.02,0.02,0.04,0.02,0.04,Matches
Ilias Akhomach,es ESP,FW,Barcelona,17-333,2004,2,2,124,1.4,0,0,0,0,0,0,0,0.00,0.00,0.00,0.00,0.00,0.1,0.1,0.4,0.5,0.08,0.27,0.34,0.08,0.34,Matches
Paul Akouokou,ci CIV,MF,Betis,24-085,1997,6,4,337,3.7,0,0,0,0,0,2,0,0.00,0.00,0.00,0.00,0.00,0.0,0.0,0.0,0.1,0.01,0.00,0.01,0.01,0.01,Matches
David Alaba,at AUT,DF,Real Madrid,29-264,1992,25,25,2242,24.9,1,3,1,0,0,2,0,0.04,0.12,0.16,0.04,0.16,0.8,0.8,2.2,3.0,0.03,0.09,0.12,0.03,0.12,Matches
Tomás Alarcón,cl CHI,MF,Cádiz,23-055,1999,19,15,1326,14.7,0,1,0,0,0,5,0,0.00,0.07,0.07,0.00,0.07,1.0,1.0,1.1,2.1,0.07,0.08,0.15,0.07,0.15,Matches
Jordi Alba,es ESP,DF,Barcelona,32-359,1989,20,20,1749,19.4,1,7,1,0,0,5,0,0.05,0.36,0.41,0.05,0.41,0.9,0.9,3.4,4.3,0.05,0.17,0.22,0.05,0.22,Matches
Raúl Albiol,es ESP,DF,Villarreal,36-192,1985,22,22,1935,21.5,0,0,0,0,0,6,0,0.00,0.00,0.00,0.00,0.00,0.6,0.6,0.0,0.6,0.03,0.00,0.03,0.03,0.03,Matches
Paco Alcácer,es ESP,FW,Villarreal,28-197,1993,10,6,470,5.2,0,2,0,0,0,1,0,0.00,0.38,0.38,0.00,0.38,1.6,1.6,1.6,3.1,0.30,0.30,0.60,0.30,0.60,Matches
Rubén Alcaraz,es ESP,MF,Cádiz,30-318,1991,7,6,570,6.3,2,0,2,0,0,3,0,0.32,0.00,0.32,0.32,0.32,0.6,0.6,0.4,0.9,0.09,0.06,0.15,0.09,0.15,Matches
Omar Alderete,py PAR,DF,Valencia,25-079,1996,22,21,1796,20.0,2,0,2,0,0,11,0,0.10,0.00,0.10,0.10,0.10,0.8,0.8,0.2,1.0,0.04,0.01,0.05,0.04,0.05,Matches
Iván Alejo,es ESP,MF,Cádiz,27-033,1995,12,5,569,6.3,1,2,1,0,0,5,0,0.16,0.32,0.47,0.16,0.47,0.3,0.3,1.1,1.4,0.04,0.18,0.22,0.04,0.22,Matches
Carles Aleñá,es ESP,MF,Getafe,24-069,1998,24,24,1885,20.9,1,2,1,0,0,6,1,0.05,0.10,0.14,0.05,0.14,1.4,1.4,1.5,2.9,0.07,0.07,0.14,0.07,0.14,Matches
Mircea Alexandru Tirlea,ro ROU,DF,Alavés,21-352,2000,1,0,15,0.2,0,0,0,0,0,0,0,0.00,0.00,0.00,0.00,0.00,0.0,0.0,0.0,0.0,0.00,0.00,0.00,0.00,0.00,Matches
Hugo Álvarez,es ESP,FW,Celta Vigo,36-267,1985,1,0,11,0.1,0,0,0,0,0,0,0,0.00,0.00,0.00,0.00,0.00,0.2,0.2,0.0,0.2,1.91,0.00,1.91,1.91,1.91,Matches
Yeray Álvarez,es ESP,DF,Athletic Club,27-050,1995,15,15,1305,14.5,0,0,0,0,0,4,0,0.00,0.00,0.00,0.00,0.00,0.3,0.3,0.1,0.4,0.02,0.00,0.03,0.02,0.03,Matches
Dani Alves,br BRA,DF,Barcelona,38-313,1983,5,5,422,4.7,1,2,1,0,0,1,1,0.21,0.43,0.64,0.21,0.64,0.1,0.1,1.2,1.3,0.02,0.26,0.28,0.02,0.28,Matches
Emmanuel Amankwaa Akurugu,gh GHA,DF,Getafe,20-115,2001,3,1,79,0.9,0,1,0,0,0,0,0,0.00,1.14,1.14,0.00,1.14,0.0,0.0,0.0,0.1,0.04,0.05,0.08,0.04,0.08,Matches
Amath,sn SEN,"FW,MF",Mallorca,25-242,1996,18,8,829,9.2,0,1,0,0,0,5,0,0.00,0.11,0.11,0.00,0.11,1.3,1.3,0.2,1.5,0.14,0.02,0.16,0.14,0.16,Matches
Player,Nation,Pos,Squad,Age,Born,MP,Starts,Min,90s,Gls,Ast,G-PK,PK,PKatt,CrdY,CrdR,Gls,Ast,G+A,G-PK,G+A-PK,xG,npxG,xA,npxG+xA,xG,xA,xG+xA,npxG,npxG+xA,Matches
Florin Andone,ro ROU,FW,Cádiz,28-338,1993,5,1,176,2.0,0,0,0,0,0,1,0,0.00,0.00,0.00,0.00,0.00,0.3,0.3,0.0,0.3,0.13,0.02,0.15,0.13,0.15,Matches
José Ángel,es ESP,DF,Osasuna,32-191,1989,18,8,773,8.6,1,1,1,0,0,1,1,0.12,0.12,0.23,0.12,0.23,0.2,0.2,1.1,1.3,0.02,0.13,0.15,0.02,0.15,Matches
Josep Antoni Gayá,es ESP,DF,Mallorca,21-251,2000,1,1,58,0.6,0,0,0,0,0,0,0,0.00,0.00,0.00,0.00,0.00,0.0,0.0,0.0,0.0,0.00,0.00,0.00,0.00,0.00,Matches
Mauro Arambarri,uy URU,MF,Getafe,26-166,1995,23,23,1943,21.6,0,5,0,0,0,9,0,0.00,0.23,0.23,0.00,0.23,0.9,0.9,1.5,2.4,0.04,0.07,0.11,0.04,0.11,Matches
Néstor Araujo,mx MEX,DF,Celta Vigo,30-198,1991,25,20,1844,20.5,0,0,0,0,0,4,0,0.00,0.00,0.00,0.00,0.00,0.2,0.2,0.0,0.2,0.01,0.00,0.01,0.01,0.01,Matches
Ronald Araújo,uy URU,DF,Barcelona,23-008,1999,21,16,1521,16.9,3,0,3,0,0,4,0,0.18,0.00,0.18,0.18,0.18,0.9,0.9,0.4,1.3,0.05,0.02,0.08,0.05,0.08,Matches
Jesús Areso,es ESP,DF,Osasuna,22-256,1999,2,2,172,1.9,0,0,0,0,0,1,0,0.00,0.00,0.00,0.00,0.00,0.0,0.0,0.0,0.0,0.00,0.03,0.03,0.00,0.03,Matches
Matias Arezo,uy URU,FW,Granada,19-114,2002,3,1,97,1.1,0,0,0,0,0,0,0,0.00,0.00,0.00,0.00,0.00,0.4,0.4,0.1,0.5,0.41,0.06,0.47,0.41,0.47,Matches
Santiago Arias,co COL,DF,Granada,30-061,1992,8,3,327,3.6,1,0,1,0,0,1,0,0.28,0.00,0.28,0.28,0.28,0.6,0.6,0.2,0.8,0.17,0.05,0.22,0.17,0.22,Matches
Santiago Arzamendia,py PAR,"MF,DF",Cádiz,23-314,1998,12,5,453,5.0,1,0,1,0,0,2,0,0.20,0.00,0.20,0.20,0.20,0.2,0.2,0.0,0.2,0.04,0.00,0.04,0.04,0.04,Matches
Sergio Asenjo,es ESP,GK,Villarreal,32-260,1989,3,3,270,3.0,0,0,0,0,0,1,0,0.00,0.00,0.00,0.00,0.00,0.0,0.0,0.0,0.0,0.00,0.00,0.00,0.00,0.00,Matches
Marco Asensio,es ESP,"FW,MF",Real Madrid,26-053,1996,23,14,1265,14.1,8,0,8,0,0,2,0,0.57,0.00,0.57,0.57,0.57,5.6,5.6,1.8,7.4,0.40,0.13,0.53,0.40,0.53,Matches
Iago Aspas,es ESP,FW,Celta Vigo,34-226,1987,27,26,2212,24.6,13,4,10,3,5,9,0,0.53,0.16,0.69,0.41,0.57,9.9,6.0,5.1,11.1,0.40,0.21,0.61,0.24,0.45,Matches
Pierre-Emerick Aubameyang,ga GAB,FW,Barcelona,32-270,1989,6,4,370,4.1,5,0,5,0,0,0,0,1.22,0.00,1.22,1.22,1.22,2.3,2.3,0.2,2.5,0.56,0.05,0.61,0.56,0.61,Matches
Ludwig Augustinsson,se SWE,DF,Sevilla,27-328,1994,14,7,569,6.3,0,1,0,0,0,3,0,0.00,0.16,0.16,0.00,0.16,0.0,0.0,0.2,0.2,0.01,0.03,0.03,0.01,0.03,Matches
Serge Aurier,ci CIV,DF,Villarreal,29-081,1992,12,7,682,7.6,0,1,0,0,0,3,0,0.00,0.13,0.13,0.00,0.13,0.6,0.6,1.1,1.7,0.08,0.14,0.22,0.08,0.22,Matches
Ezequiel Ávila,ar ARG,"FW,MF",Osasuna,28-037,1994,26,13,1188,13.2,4,1,4,0,0,7,1,0.30,0.08,0.38,0.30,0.38,2.3,2.3,0.8,3.0,0.17,0.06,0.23,0.17,0.23,Matches
Iddrisu Baba,gh GHA,MF,Mallorca,26-052,1996,20,17,1476,16.4,2,0,2,0,0,7,0,0.12,0.00,0.12,0.12,0.12,1.3,1.3,0.2,1.5,0.08,0.01,0.09,0.08,0.09,Matches
Carlos Bacca,co COL,FW,Granada,35-188,1986,15,4,492,5.5,0,1,0,0,0,3,0,0.00,0.18,0.18,0.00,0.18,0.7,0.7,0.5,1.2,0.13,0.08,0.21,0.13,0.21,Matches
Édgar Badía,es ESP,GK,Elche,30-031,1992,16,16,1440,16.0,0,0,0,0,0,1,0,0.00,0.00,0.00,0.00,0.00,0.0,0.0,0.0,0.0,0.00,0.00,0.00,0.00,0.00,Matches
Miguel Baeza,es ESP,DF,Celta Vigo,21-353,2000,1,0,2,0.0,0,0,0,0,0,0,0,0.00,0.00,0.00,0.00,0.00,0.0,0.0,0.0,0.0,0.00,0.00,0.00,0.00,0.00,Matches
Alejandro Balde,es ESP,"FW,DF",Barcelona,18-148,2003,4,1,99,1.1,0,0,0,0,0,0,0,0.00,0.00,0.00,0.00,0.00,0.0,0.0,0.1,0.1,0.00,0.05,0.05,0.00,0.05,Matches
Gareth Bale,wls WAL,FW,Real Madrid,32-242,1989,4,4,263,2.9,1,0,1,0,0,2,0,0.34,0.00,0.34,0.34,0.34,1.1,1.1,0.0,1.1,0.37,0.01,0.38,0.37,0.38,Matches
Mikel Balenziaga,es ESP,DF,Athletic Club,34-014,1988,23,21,1844,20.5,0,0,0,0,0,2,0,0.00,0.00,0.00,0.00,0.00,0.2,0.2,0.4,0.6,0.01,0.02,0.03,0.01,0.03,Matches
Iván Balliu,al ALB,DF,Rayo Vallecano,30-073,1992,26,26,2340,26.0,1,2,1,0,0,8,0,0.04,0.08,0.12,0.04,0.12,0.5,0.5,2.7,3.1,0.02,0.10,0.12,0.02,0.12,Matches
Player,Nation,Pos,Squad,Age,Born,MP,Starts,Min,90s,Gls,Ast,G-PK,PK,PKatt,CrdY,CrdR,Gls,Ast,G+A,G-PK,G+A-PK,xG,npxG,xA,npxG+xA,xG,xA,xG+xA,npxG,npxG+xA,Matches
Barbero,es ESP,"FW,MF",Osasuna,23-210,1998,4,0,14,0.2,0,0,0,0,0,0,0,0.00,0.00,0.00,0.00,0.00,0.0,0.0,0.0,0.0,0.00,0.11,0.11,0.00,0.11,Matches
Enis Bardhi,mk MKD,"MF,FW",Levante,26-256,1995,22,14,1292,14.4,3,2,1,2,2,3,0,0.21,0.14,0.35,0.07,0.21,3.2,1.7,2.8,4.5,0.22,0.19,0.42,0.12,0.31,Matches
Keidi Bare,al ALB,MF,Espanyol,24-199,1997,20,13,1202,13.4,1,1,1,0,0,7,0,0.07,0.07,0.15,0.07,0.15,0.5,0.5,0.9,1.5,0.04,0.07,0.11,0.04,0.11,Matches
Kike Barja,es ESP,"MF,FW",Osasuna,24-348,1997,14,8,678,7.5,1,0,1,0,0,1,0,0.13,0.00,0.13,0.13,0.13,1.0,1.0,0.6,1.6,0.13,0.09,0.22,0.13,0.22,Matches
Antonio Barragán,es ESP,DF,Elche,34-276,1987,13,10,853,9.5,0,0,0,0,0,4,0,0.00,0.00,0.00,0.00,0.00,0.0,0.0,0.1,0.1,0.00,0.01,0.01,0.00,0.01,Matches
Ander Barrenetxea,es ESP,"FW,MF",Real Sociedad,20-078,2001,11,6,547,6.1,1,1,1,0,0,0,0,0.16,0.16,0.33,0.16,0.33,0.4,0.4,1.0,1.4,0.06,0.17,0.23,0.06,0.23,Matches
Marc Bartra,es ESP,DF,Betis,31-059,1991,15,15,1273,14.1,0,0,0,0,0,1,0,0.00,0.00,0.00,0.00,0.00,0.8,0.8,0.1,0.9,0.06,0.01,0.07,0.06,0.07,Matches
Álvaro Bastida,es ESP,MF,Cádiz,17-307,2004,6,2,197,2.2,0,0,0,0,0,1,0,0.00,0.00,0.00,0.00,0.00,0.0,0.0,0.0,0.0,0.00,0.00,0.00,0.00,0.00,Matches
Rodrigo Battaglia,ar ARG,MF,Mallorca,30-246,1991,19,7,713,7.9,0,0,0,0,0,4,0,0.00,0.00,0.00,0.00,0.00,0.1,0.1,0.1,0.2,0.01,0.01,0.02,0.01,0.02,Matches
Jon Bautista,es ESP,"FW,MF",Real Sociedad,26-255,1995,1,0,45,0.5,0,0,0,0,0,0,0,0.00,0.00,0.00,0.00,0.00,0.0,0.0,0.0,0.0,0.06,0.00,0.06,0.06,0.06,Matches
Bebé,pt POR,"FW,MF",Rayo Vallecano,31-246,1990,22,3,562,6.2,1,2,1,0,0,2,0,0.16,0.32,0.48,0.16,0.48,0.8,0.8,1.7,2.6,0.14,0.28,0.41,0.14,0.41,Matches
Héctor Bellerín,es ESP,DF,Betis,26-361,1995,18,18,1596,17.7,0,2,0,0,0,2,1,0.00,0.11,0.11,0.00,0.11,0.2,0.2,2.1,2.3,0.01,0.12,0.13,0.01,0.13,Matches
Fran Beltrán,es ESP,MF,Celta Vigo,23-040,1999,28,22,1895,21.1,0,0,0,0,0,3,0,0.00,0.00,0.00,0.00,0.00,0.3,0.3,0.5,0.8,0.01,0.03,0.04,0.01,0.04,Matches
Darío Benedetto,ar ARG,FW,Elche,31-302,1990,14,6,590,6.6,2,1,2,0,0,1,0,0.31,0.15,0.46,0.31,0.46,2.7,2.7,0.9,3.6,0.41,0.14,0.56,0.41,0.56,Matches
Iker Benito,es ESP,"MF,FW",Osasuna,19-217,2002,3,1,95,1.1,0,0,0,0,0,1,0,0.00,0.00,0.00,0.00,0.00,0.0,0.0,0.0,0.0,0.03,0.00,0.03,0.03,0.03,Matches
Pedro Benito,es ESP,FW,Cádiz,21-353,2000,1,0,31,0.3,0,0,0,0,0,0,0,0.00,0.00,0.00,0.00,0.00,0.0,0.0,0.0,0.0,0.00,0.00,0.00,0.00,0.00,Matches
Karim Benzema,fr FRA,FW,Real Madrid,34-086,1987,25,25,2056,22.8,22,11,17,5,6,0,0,0.96,0.48,1.44,0.74,1.23,17.2,12.6,7.1,19.7,0.75,0.31,1.06,0.55,0.86,Matches
Yuri Berchiche,es ESP,DF,Athletic Club,32-033,1990,5,3,288,3.2,0,1,0,0,0,2,0,0.00,0.31,0.31,0.00,0.31,0.1,0.1,0.2,0.3,0.04,0.07,0.10,0.04,0.10,Matches
Álex Berenguer,es ESP,MF,Athletic Club,26-254,1995,25,18,1563,17.4,1,6,1,0,1,7,0,0.06,0.35,0.40,0.06,0.40,3.9,3.1,4.2,7.3,0.22,0.24,0.47,0.18,0.42,Matches
Pedro Bigas,es ESP,DF,Elche,31-181,1990,13,13,1086,12.1,0,0,0,0,0,2,0,0.00,0.00,0.00,0.00,0.00,0.2,0.2,0.2,0.4,0.02,0.02,0.04,0.02,0.04,Matches
Blanco,es ESP,MF,Real Madrid,21-235,2000,1,0,31,0.3,0,0,0,0,0,0,0,0.00,0.00,0.00,0.00,0.00,0.0,0.0,0.0,0.0,0.00,0.00,0.00,0.00,0.00,Matches
Yassine Bounou,ma MAR,GK,Sevilla,30-344,1991,23,23,2070,23.0,0,2,0,0,0,2,0,0.00,0.09,0.09,0.00,0.09,0.0,0.0,0.6,0.6,0.00,0.02,0.02,0.00,0.02,Matches
Lucas Boyé,ar ARG,FW,Elche,26-015,1996,21,19,1549,17.2,7,3,7,0,0,3,0,0.41,0.17,0.58,0.41,0.58,4.8,4.8,1.8,6.6,0.28,0.10,0.39,0.28,0.39,Matches
Martin Braithwaite,dk DEN,FW,Barcelona,30-283,1991,4,3,235,2.6,2,1,2,0,0,0,0,0.77,0.38,1.15,0.77,1.15,1.0,1.0,1.3,2.3,0.40,0.48,0.88,0.40,0.88,Matches
Darko Brašanac,rs SRB,MF,Osasuna,30-031,1992,26,20,1815,20.2,0,2,0,0,0,5,0,0.00,0.10,0.10,0.00,0.10,0.9,0.9,1.3,2.2,0.05,0.06,0.11,0.05,0.11,Matches
Player,Nation,Pos,Squad,Age,Born,MP,Starts,Min,90s,Gls,Ast,G-PK,PK,PKatt,CrdY,CrdR,Gls,Ast,G+A,G-PK,G+A-PK,xG,npxG,xA,npxG+xA,xG,xA,xG+xA,npxG,npxG+xA,Matches
Claudio Bravo,cl CHI,GK,Betis,38-336,1983,11,11,990,11.0,0,0,0,0,0,1,0,0.00,0.00,0.00,0.00,0.00,0.0,0.0,0.2,0.2,0.00,0.01,0.01,0.00,0.01,Matches
Yan Brice Eteki,cm CMR,MF,Granada,24-201,1997,6,1,131,1.5,0,0,0,0,0,1,0,0.00,0.00,0.00,0.00,0.00,0.0,0.0,0.0,0.0,0.02,0.00,0.02,0.02,0.02,Matches
Bryan,es ESP,"MF,FW",Valencia,21-032,2001,6,4,407,4.5,0,1,0,0,0,2,0,0.00,0.22,0.22,0.00,0.22,0.5,0.5,1.0,1.5,0.10,0.22,0.32,0.10,0.32,Matches
Ante Budimir,hr CRO,FW,Osasuna,30-236,1991,18,11,947,10.5,2,0,1,1,1,1,0,0.19,0.00,0.19,0.10,0.10,3.7,3.1,0.3,3.4,0.35,0.03,0.38,0.30,0.33,Matches
Sergio Busquets,es ESP,MF,Barcelona,33-242,1988,26,26,2298,25.5,1,0,1,0,0,6,0,0.04,0.00,0.04,0.04,0.04,0.3,0.3,1.5,1.8,0.01,0.06,0.07,0.01,0.07,Matches
Adrián Butzke,es ESP,FW,Granada,22-350,1999,1,0,1,0.0,0,0,0,0,0,0,0,0.00,0.00,0.00,0.00,0.00,0.0,0.0,0.0,0.0,0.00,0.00,0.00,0.00,0.00,Matches
Erick Cabaco,uy URU,DF,Getafe,26-330,1995,8,4,349,3.9,0,1,0,0,0,4,1,0.00,0.26,0.26,0.00,0.26,0.0,0.0,0.4,0.4,0.00,0.09,0.09,0.00,0.09,Matches
Leandro Cabrera,uy URU,DF,Espanyol,30-271,1991,27,27,2430,27.0,2,0,2,0,0,6,0,0.07,0.00,0.07,0.07,0.07,1.0,1.0,0.1,1.2,0.04,0.01,0.04,0.04,0.04,Matches
Martín Cáceres,uy URU,DF,Levante,34-342,1987,7,6,519,5.8,0,0,0,0,0,2,0,0.00,0.00,0.00,0.00,0.00,0.0,0.0,0.1,0.1,0.00,0.02,0.02,0.00,0.02,Matches
Cala,es ESP,DF,Cádiz,32-109,1989,13,10,930,10.3,0,0,0,0,0,7,1,0.00,0.00,0.00,0.00,0.00,0.6,0.6,0.0,0.6,0.05,0.00,0.06,0.05,0.06,Matches
Calderón,es ESP,DF,Betis,22-067,2000,1,0,65,0.7,0,0,0,0,0,0,0,0.00,0.00,0.00,0.00,0.00,0.0,0.0,0.1,0.1,0.00,0.19,0.19,0.00,0.19,Matches
Fernando Calero,es ESP,DF,Espanyol,26-182,1995,7,5,391,4.3,0,0,0,0,0,1,0,0.00,0.00,0.00,0.00,0.00,0.0,0.0,0.0,0.0,0.00,0.00,0.00,0.00,0.00,Matches
Víctor Camarasa,es ESP,"MF,FW",Betis,27-291,1994,7,0,108,1.2,0,0,0,0,0,0,0,0.00,0.00,0.00,0.00,0.00,0.0,0.0,0.0,0.0,0.01,0.00,0.01,0.01,0.01,Matches
Eduardo Camavinga,fr FRA,MF,Real Madrid,19-125,2002,17,6,639,7.1,2,0,2,0,0,4,0,0.28,0.00,0.28,0.28,0.28,0.9,0.9,0.4,1.3,0.11,0.06,0.17,0.11,0.17,Matches
José Campaña,es ESP,MF,Levante,28-288,1993,14,12,1060,11.8,2,0,2,0,1,4,1,0.17,0.00,0.17,0.17,0.17,1.2,0.4,0.6,1.0,0.10,0.05,0.15,0.03,0.08,Matches
Sergio Canales,es ESP,"FW,MF",Betis,31-027,1991,25,24,2001,22.2,4,6,4,0,0,5,0,0.18,0.27,0.45,0.18,0.45,3.9,3.9,3.9,7.7,0.17,0.17,0.35,0.17,0.35,Matches
Álex Cantero,es ESP,"FW,MF",Levante,21-280,2000,18,2,356,4.0,0,1,0,0,0,1,0,0.00,0.25,0.25,0.00,0.25,1.7,1.7,0.1,1.8,0.43,0.03,0.46,0.43,0.46,Matches
Étienne Capoue,fr FRA,MF,Villarreal,33-247,1988,21,20,1688,18.8,1,1,1,0,0,6,0,0.05,0.05,0.11,0.05,0.11,0.4,0.4,0.5,0.9,0.02,0.03,0.05,0.02,0.05,Matches
Isaac Carcelen,es ESP,"DF,MF",Cádiz,28-326,1993,21,16,1414,15.7,0,0,0,0,0,1,0,0.00,0.00,0.00,0.00,0.00,0.5,0.5,0.3,0.8,0.03,0.02,0.05,0.03,0.05,Matches
Cárdenas,es ESP,GK,Levante,24-352,1997,15,15,1350,15.0,0,0,0,0,0,2,0,0.00,0.00,0.00,0.00,0.00,0.0,0.0,0.0,0.0,0.00,0.00,0.00,0.00,0.00,Matches
Carlo,es ESP,MF,Villarreal,21-031,2001,1,0,7,0.1,0,0,0,0,0,0,0,0.00,0.00,0.00,0.00,0.00,0.0,0.0,0.0,0.0,0.00,0.00,0.00,0.00,0.00,Matches
Diego Carlos,br BRA,DF,Sevilla,29-000,1993,25,25,2204,24.5,2,0,2,0,0,3,1,0.08,0.00,0.08,0.08,0.08,2.1,2.1,0.3,2.4,0.09,0.01,0.10,0.09,0.10,Matches
Carmona,es ESP,DF,Sevilla,20-045,2002,1,0,24,0.3,0,0,0,0,0,0,0,0.00,0.00,0.00,0.00,0.00,0.0,0.0,0.0,0.0,0.00,0.00,0.00,0.00,0.00,Matches
Yannick Carrasco,be BEL,"DF,MF",Atlético Madrid,28-192,1993,25,21,1901,21.1,3,5,3,0,0,5,0,0.14,0.24,0.38,0.14,0.38,2.8,2.8,4.2,7.0,0.13,0.20,0.33,0.13,0.33,Matches
Guido Carrillo,ar ARG,FW,Elche,30-294,1991,21,7,843,9.4,1,0,1,0,0,0,0,0.11,0.00,0.11,0.11,0.11,2.3,2.3,0.1,2.4,0.24,0.02,0.26,0.24,0.26,Matches
Player,Nation,Pos,Squad,Age,Born,MP,Starts,Min,90s,Gls,Ast,G-PK,PK,PKatt,CrdY,CrdR,Gls,Ast,G+A,G-PK,G+A-PK,xG,npxG,xA,npxG+xA,xG,xA,xG+xA,npxG,npxG+xA,Matches
Dani Carvajal,es ESP,DF,Real Madrid,30-063,1992,18,14,1224,13.6,1,1,1,0,0,1,0,0.07,0.07,0.15,0.07,0.15,0.5,0.5,1.2,1.7,0.04,0.09,0.12,0.04,0.12,Matches
William Carvalho,pt POR,MF,Betis,29-342,1992,25,15,1355,15.1,1,3,1,0,0,3,0,0.07,0.20,0.27,0.07,0.27,2.0,2.0,1.4,3.4,0.13,0.09,0.22,0.13,0.22,Matches
Casemiro,br BRA,MF,Real Madrid,30-020,1992,25,24,2060,22.9,0,3,0,0,0,9,0,0.00,0.13,0.13,0.00,0.13,1.8,1.8,2.0,3.8,0.08,0.09,0.17,0.08,0.17,Matches
Kiko Casilla,es ESP,GK,Elche,35-164,1986,12,12,1080,12.0,0,0,0,0,0,3,0,0.00,0.00,0.00,0.00,0.00,0.0,0.0,0.1,0.1,0.00,0.01,0.01,0.00,0.01,Matches
Catena,es ESP,DF,Rayo Vallecano,27-138,1994,25,25,2250,25.0,1,1,1,0,0,5,0,0.04,0.04,0.08,0.04,0.08,1.2,1.2,0.6,1.8,0.05,0.02,0.07,0.05,0.07,Matches
Dani Ceballos,es ESP,MF,Real Madrid,25-220,1996,5,0,46,0.5,0,0,0,0,0,1,0,0.00,0.00,0.00,0.00,0.00,0.0,0.0,0.0,0.0,0.00,0.04,0.04,0.00,0.04,Matches
Franco Cervi,ar ARG,MF,Celta Vigo,27-293,1994,26,15,1337,14.9,3,3,3,0,0,4,0,0.20,0.20,0.40,0.20,0.40,1.7,1.7,1.2,2.9,0.12,0.08,0.20,0.12,0.20,Matches
Chapela,es ESP,"MF,FW",Cádiz,22-298,1999,9,4,398,4.4,0,0,0,0,0,0,0,0.00,0.00,0.00,0.00,0.00,0.1,0.1,0.2,0.2,0.02,0.03,0.05,0.02,0.05,Matches
Chema,es ESP,MF,Getafe,30-012,1992,1,1,45,0.5,0,0,0,0,0,1,1,0.00,0.00,0.00,0.00,0.00,0.0,0.0,0.0,0.0,0.05,0.03,0.08,0.05,0.08,Matches
Denis Cheryshev,ru RUS,MF,Valencia,31-079,1990,10,5,423,4.7,0,1,0,0,0,1,0,0.00,0.21,0.21,0.00,0.21,0.8,0.8,0.3,1.1,0.16,0.07,0.23,0.16,0.23,Matches
Samuel Chukwueze,ng NGA,MF,Villarreal,22-297,1999,18,5,731,8.1,2,2,2,0,0,3,0,0.25,0.25,0.49,0.25,0.49,2.6,2.6,2.6,5.2,0.32,0.32,0.64,0.32,0.64,Matches
Víctor Chust,es ESP,DF,Cádiz,22-010,2000,18,15,1376,15.3,0,0,0,0,0,1,0,0.00,0.00,0.00,0.00,0.00,0.6,0.6,0.0,0.6,0.04,0.00,0.04,0.04,0.04,Matches
Jasper Cillessen,nl NED,GK,Valencia,32-327,1989,15,15,1277,14.2,0,1,0,0,0,1,0,0.00,0.07,0.07,0.00,0.07,0.0,0.0,0.0,0.0,0.00,0.00,0.00,0.00,0.00,Matches
Pathé Ciss,sn SEN,MF,Rayo Vallecano,27-364,1994,22,9,766,8.5,1,1,1,0,0,4,0,0.12,0.12,0.23,0.12,0.23,1.0,1.0,0.4,1.3,0.11,0.04,0.15,0.11,0.15,Matches
Carlos Clerc,es ESP,DF,Levante,30-022,1992,19,18,1514,16.8,0,0,0,0,0,6,0,0.00,0.00,0.00,0.00,0.00,0.2,0.2,0.8,1.0,0.01,0.04,0.06,0.01,0.06,Matches
Coke,es ESP,"DF,MF",Levante,34-323,1987,4,0,19,0.2,0,0,0,0,0,0,0,0.00,0.00,0.00,0.00,0.00,0.0,0.0,0.0,0.0,0.00,0.05,0.05,0.00,0.05,Matches
Álex Collado,es ESP,"MF,FW",Granada,22-327,1999,8,5,379,4.2,0,0,0,0,0,0,0,0.00,0.00,0.00,0.00,0.00,0.3,0.3,0.2,0.5,0.07,0.05,0.12,0.07,0.12,Matches
Eray Cömert,ch SUI,DF,Valencia,24-039,1998,5,3,246,2.7,0,0,0,0,0,1,0,0.00,0.00,0.00,0.00,0.00,0.0,0.0,0.0,0.0,0.02,0.00,0.02,0.02,0.02,Matches
Santi Comesaña,es ESP,MF,Rayo Vallecano,25-161,1996,26,24,2074,23.0,1,2,1,0,0,6,0,0.04,0.09,0.13,0.04,0.13,2.9,2.9,1.7,4.6,0.13,0.07,0.20,0.13,0.20,Matches
Diego Conde,es ESP,GK,Getafe,23-138,1998,1,0,6,0.1,0,0,0,0,0,0,0,0.00,0.00,0.00,0.00,0.00,0.0,0.0,0.0,0.0,0.00,0.00,0.00,0.00,0.00,Matches
Francis Coquelin,fr FRA,MF,Villarreal,30-306,1991,15,6,592,6.6,1,1,1,0,0,2,0,0.15,0.15,0.30,0.15,0.30,0.2,0.2,0.5,0.7,0.03,0.08,0.11,0.03,0.11,Matches
Jesús Corona,mx MEX,"FW,DF",Sevilla,29-068,1993,8,5,509,5.7,0,2,0,0,0,1,0,0.00,0.35,0.35,0.00,0.35,0.5,0.5,0.8,1.3,0.09,0.15,0.24,0.09,0.24,Matches
Ángel Correa,ar ARG,"FW,MF",Atlético Madrid,27-006,1995,28,18,1535,17.1,11,5,11,0,0,3,0,0.64,0.29,0.94,0.64,0.94,5.6,5.6,3.4,9.0,0.33,0.20,0.53,0.33,0.53,Matches
Thierry Correia,pt POR,DF,Valencia,23-006,1999,11,10,790,8.8,0,0,0,0,0,3,0,0.00,0.00,0.00,0.00,0.00,0.0,0.0,0.6,0.6,0.00,0.07,0.07,0.00,0.07,Matches
Hélder Costa,ao ANG,"MF,FW",Valencia,28-062,1994,18,11,954,10.6,0,1,0,0,0,3,0,0.00,0.09,0.09,0.00,0.09,0.3,0.3,1.7,2.0,0.03,0.16,0.19,0.03,0.19,Matches
Player,Nation,Pos,Squad,Age,Born,MP,Starts,Min,90s,Gls,Ast,G-PK,PK,PKatt,CrdY,CrdR,Gls,Ast,G+A,G-PK,G+A-PK,xG,npxG,xA,npxG+xA,xG,xA,xG+xA,npxG,npxG+xA,Matches
Jaume Costa,es ESP,DF,Mallorca,33-362,1988,18,14,1298,14.4,0,3,0,0,0,4,1,0.00,0.21,0.21,0.00,0.21,0.5,0.5,1.8,2.3,0.04,0.13,0.16,0.04,0.16,Matches
Thibaut Courtois,be BEL,GK,Real Madrid,29-308,1992,28,28,2520,28.0,0,0,0,0,0,1,0,0.00,0.00,0.00,0.00,0.00,0.0,0.0,0.0,0.0,0.00,0.00,0.00,0.00,0.00,Matches
Philippe Coutinho,br BRA,"MF,FW",Barcelona,29-276,1992,12,5,503,5.6,2,0,1,1,1,1,0,0.36,0.00,0.36,0.18,0.18,2.8,2.0,0.3,2.4,0.50,0.06,0.56,0.36,0.42,Matches
Cristo,es ESP,DF,Real Sociedad,21-319,2000,1,0,17,0.2,0,0,0,0,0,0,0,0.00,0.00,0.00,0.00,0.00,0.0,0.0,0.1,0.1,0.03,0.39,0.42,0.03,0.42,Matches
Juan Cruz Armada,es ESP,DF,Osasuna,29-230,1992,17,16,1443,16.0,0,0,0,0,0,3,0,0.00,0.00,0.00,0.00,0.00,0.3,0.3,0.0,0.4,0.02,0.00,0.02,0.02,0.02,Matches
Marc Cucurella,es ESP,"FW,DF",Getafe,23-236,1998,1,0,23,0.3,0,0,0,0,0,0,0,0.00,0.00,0.00,0.00,0.00,0.1,0.1,0.1,0.1,0.22,0.23,0.45,0.22,0.45,Matches
Jorge Cuenca,es ESP,DF,Getafe,22-118,1999,24,23,1998,22.2,1,0,1,0,0,4,1,0.05,0.00,0.05,0.05,0.05,0.5,0.5,0.1,0.6,0.02,0.00,0.03,0.02,0.03,Matches
Matheus Cunha,br BRA,FW,Atlético Madrid,22-292,1999,20,5,652,7.2,5,2,5,0,0,3,0,0.69,0.28,0.97,0.69,0.97,3.6,3.6,1.4,5.1,0.50,0.20,0.70,0.50,0.70,Matches
Sergi Darder,es ESP,MF,Espanyol,28-083,1993,26,26,2225,24.7,3,6,3,0,0,2,0,0.12,0.24,0.36,0.12,0.36,2.3,2.3,3.5,5.8,0.09,0.14,0.24,0.09,0.24,Matches
Rodrigo De Paul,ar ARG,MF,Atlético Madrid,27-295,1994,26,18,1591,17.7,1,1,1,0,0,6,0,0.06,0.06,0.11,0.06,0.11,0.9,0.9,2.7,3.5,0.05,0.15,0.20,0.05,0.20,Matches
Thomas Delaney,dk DEN,MF,Sevilla,30-193,1991,19,11,1094,12.2,2,1,2,0,0,4,1,0.16,0.08,0.25,0.16,0.25,1.0,1.0,0.4,1.4,0.08,0.03,0.12,0.08,0.12,Matches
Ousmane Dembélé,fr FRA,"FW,DF",Barcelona,24-304,1997,11,7,675,7.5,1,7,1,0,0,1,0,0.13,0.93,1.07,0.13,1.07,1.1,1.1,4.4,5.5,0.15,0.59,0.74,0.15,0.74,Matches
Yusuf Demir,at AUT,FW,Barcelona,18-286,2003,6,2,192,2.1,0,0,0,0,0,0,0,0.00,0.00,0.00,0.00,0.00,0.1,0.1,0.0,0.1,0.03,0.01,0.04,0.03,0.04,Matches
Memphis Depay,nl NED,FW,Barcelona,28-030,1994,19,15,1422,15.8,10,2,6,4,5,3,0,0.63,0.13,0.76,0.38,0.51,9.8,6.0,3.5,9.5,0.62,0.22,0.84,0.38,0.60,Matches
Sergiño Dest,us USA,"DF,FW",Barcelona,21-132,2000,18,15,1353,15.0,0,3,0,0,0,1,0,0.00,0.20,0.20,0.00,0.20,1.5,1.5,2.7,4.2,0.10,0.18,0.28,0.10,0.28,Matches
Boulaye Dia,sn SEN,FW,Villarreal,25-119,1996,19,9,938,10.4,5,4,5,0,0,2,0,0.48,0.38,0.86,0.48,0.86,4.4,4.4,1.3,5.8,0.42,0.13,0.55,0.42,0.55,Matches
Mouctar Diakhaby,fr FRA,DF,Valencia,25-086,1996,22,14,1376,15.3,0,1,0,0,0,8,0,0.00,0.07,0.07,0.00,0.07,0.3,0.3,0.1,0.4,0.02,0.01,0.03,0.02,0.03,Matches
Javier Díaz,es ESP,GK,Sevilla,24-304,1997,1,1,90,1.0,0,0,0,0,0,0,0,0.00,0.00,0.00,0.00,0.00,0.0,0.0,0.0,0.0,0.00,0.00,0.00,0.00,0.00,Matches
Víctor Díaz,es ESP,DF,Granada,33-276,1988,15,11,947,10.5,0,0,0,0,0,2,0,0.00,0.00,0.00,0.00,0.00,0.5,0.5,0.1,0.6,0.05,0.01,0.06,0.05,0.06,Matches
Landry Dimata,be BEL,"FW,MF",Espanyol,24-195,1997,16,4,524,5.8,0,0,0,0,0,0,0,0.00,0.00,0.00,0.00,0.00,1.3,1.3,0.2,1.6,0.23,0.04,0.27,0.23,0.27,Matches
Stole Dimitrievski,mk MKD,GK,Rayo Vallecano,28-080,1993,21,20,1872,20.8,0,0,0,0,0,0,0,0.00,0.00,0.00,0.00,0.00,0.0,0.0,0.0,0.0,0.00,0.00,0.00,0.00,0.00,Matches
Matías Dituro,ar ARG,GK,Celta Vigo,34-311,1987,28,28,2520,28.0,0,0,0,0,0,0,0,0.00,0.00,0.00,0.00,0.00,0.0,0.0,0.0,0.0,0.00,0.00,0.00,0.00,0.00,Matches
Djené,tg TOG,DF,Getafe,30-074,1991,26,26,2305,25.6,0,0,0,0,0,8,1,0.00,0.00,0.00,0.00,0.00,0.1,0.1,0.1,0.2,0.00,0.01,0.01,0.00,0.01,Matches
Naïs Djouahra,fr FRA,"FW,MF",Real Sociedad,22-112,1999,5,1,169,1.9,0,0,0,0,0,0,0,0.00,0.00,0.00,0.00,0.00,0.2,0.2,0.0,0.2,0.09,0.02,0.11,0.09,0.11,Matches
Marko Dmitrović,rs SRB,GK,Sevilla,30-050,1992,4,4,360,4.0,0,0,0,0,0,0,0,0.00,0.00,0.00,0.00,0.00,0.0,0.0,0.0,0.0,0.00,0.00,0.00,0.00,0.00,Matches
Player,Nation,Pos,Squad,Age,Born,MP,Starts,Min,90s,Gls,Ast,G-PK,PK,PKatt,CrdY,CrdR,Gls,Ast,G+A,G-PK,G+A-PK,xG,npxG,xA,npxG+xA,xG,xA,xG+xA,npxG,npxG+xA,Matches
Jaume Doménech,es ESP,GK,Valencia,31-130,1990,3,2,253,2.8,0,0,0,0,0,1,0,0.00,0.00,0.00,0.00,0.00,0.0,0.0,0.0,0.0,0.00,0.00,0.00,0.00,0.00,Matches
Carlos Dominguez,es ESP,DF,Celta Vigo,21-073,2001,5,3,301,3.3,0,0,0,0,0,1,0,0.00,0.00,0.00,0.00,0.00,0.1,0.1,0.0,0.1,0.03,0.00,0.03,0.03,0.03,Matches
Domingos Duarte,pt POR,DF,Granada,27-005,1995,12,10,896,10.0,1,0,1,0,0,4,1,0.10,0.00,0.10,0.10,0.10,0.4,0.4,0.0,0.4,0.04,0.00,0.04,0.04,0.04,Matches
Óscar Duarte,cr CRC,DF,Levante,32-285,1989,18,17,1438,16.0,0,0,0,0,0,3,0,0.00,0.00,0.00,0.00,0.00,0.6,0.6,0.3,0.8,0.04,0.02,0.05,0.04,0.05,Matches
Rubén Duarte,es ESP,DF,Alavés,26-148,1995,25,24,2058,22.9,0,3,0,0,0,10,1,0.00,0.13,0.13,0.00,0.13,0.4,0.4,1.3,1.8,0.02,0.06,0.08,0.02,0.08,Matches
Unai Dufur,es ESP,DF,Osasuna,23-073,1999,1,1,90,1.0,0,0,0,0,0,0,0,0.00,0.00,0.00,0.00,0.00,0.0,0.0,0.0,0.0,0.04,0.00,0.04,0.04,0.04,Matches
Hugo Duro,es ESP,"DF,MF",Getafe,22-125,1999,1,0,12,0.1,0,0,0,0,0,0,0,0.00,0.00,0.00,0.00,0.00,0.1,0.1,0.0,0.1,0.84,0.00,0.84,0.84,0.84,Matches
Hugo Duro,es ESP,"FW,MF",Valencia,22-125,1999,24,18,1494,16.6,6,1,6,0,0,2,1,0.36,0.06,0.42,0.36,0.42,3.6,3.6,0.7,4.3,0.22,0.04,0.26,0.22,0.26,Matches
Aritz Elustondo,es ESP,DF,Real Sociedad,27-352,1994,24,19,1774,19.7,4,1,4,0,0,3,1,0.20,0.05,0.25,0.20,0.25,1.9,1.9,0.2,2.1,0.10,0.01,0.11,0.10,0.11,Matches
Adri Embarba,es ESP,"MF,FW",Espanyol,29-312,1992,25,20,1651,18.3,0,2,0,0,0,3,0,0.00,0.11,0.11,0.00,0.11,2.8,2.8,2.2,5.0,0.15,0.12,0.27,0.15,0.27,Matches
Emerson,br BRA,DF,Barcelona,23-060,1999,3,1,91,1.0,0,0,0,0,0,0,0,0.00,0.00,0.00,0.00,0.00,0.0,0.0,0.0,0.0,0.00,0.00,0.00,0.00,0.00,Matches
Youssef En-Nesyri,ma MAR,FW,Sevilla,24-287,1997,14,9,768,8.5,3,1,2,1,1,0,0,0.35,0.12,0.47,0.23,0.35,3.8,3.0,1.2,4.2,0.44,0.14,0.59,0.36,0.50,Matches
Gonzalo Escalante,ar ARG,MF,Alavés,28-353,1993,9,7,641,7.1,1,0,1,0,0,2,0,0.14,0.00,0.14,0.14,0.14,0.9,0.9,0.0,0.9,0.12,0.00,0.13,0.12,0.13,Matches
Aarón Escandell,es ESP,GK,Granada,26-169,1995,4,3,284,3.2,0,0,0,0,0,1,0,0.00,0.00,0.00,0.00,0.00,0.0,0.0,0.0,0.0,0.00,0.00,0.00,0.00,0.00,Matches
Sergio Escudero,es ESP,"DF,MF",Granada,32-194,1989,18,6,649,7.2,0,1,0,0,0,2,0,0.00,0.14,0.14,0.00,0.14,0.9,0.9,1.0,1.9,0.12,0.14,0.26,0.12,0.26,Matches
Alfonso Espino,uy URU,DF,Cádiz,30-069,1992,27,27,2429,27.0,2,2,2,0,0,5,0,0.07,0.07,0.15,0.07,0.15,0.9,0.7,3.2,3.9,0.03,0.12,0.15,0.02,0.14,Matches
Estanis,es ESP,FW,Barcelona,18-203,2003,1,0,11,0.1,0,0,0,0,0,0,0,0.00,0.00,0.00,0.00,0.00,0.0,0.0,0.0,0.0,0.00,0.00,0.00,0.00,0.00,Matches
Pervis Estupiñán,ec ECU,DF,Villarreal,24-053,1998,22,14,1268,14.1,0,1,0,0,0,3,0,0.00,0.07,0.07,0.00,0.07,0.6,0.6,1.7,2.2,0.04,0.12,0.16,0.04,0.16,Matches
Abdessamad Ezzalzouli,ma MAR,"FW,DF",Barcelona,20-088,2001,10,6,580,6.4,1,0,1,0,0,4,0,0.16,0.00,0.16,0.16,0.16,1.3,1.3,0.6,1.9,0.20,0.09,0.29,0.20,0.29,Matches
Radamel Falcao,co COL,FW,Rayo Vallecano,36-033,1986,17,7,666,7.4,5,0,5,0,0,1,0,0.68,0.00,0.68,0.68,0.68,2.9,2.9,0.2,3.1,0.39,0.02,0.42,0.39,0.42,Matches
Fali,es ESP,"DF,MF",Cádiz,28-215,1993,21,18,1359,15.1,0,2,0,0,0,5,0,0.00,0.13,0.13,0.00,0.13,0.3,0.3,0.4,0.7,0.02,0.03,0.05,0.02,0.05,Matches
Ansu Fati,es ESP,FW,Barcelona,19-135,2002,5,3,213,2.4,3,0,3,0,0,0,0,1.27,0.00,1.27,1.27,1.27,1.0,1.0,0.7,1.7,0.44,0.29,0.74,0.44,0.74,Matches
Aleix Febas,es ESP,MF,Mallorca,26-041,1996,4,1,117,1.3,0,0,0,0,0,1,0,0.00,0.00,0.00,0.00,0.00,0.0,0.0,0.1,0.1,0.00,0.05,0.05,0.00,0.05,Matches
Nabil Fekir,fr FRA,MF,Betis,28-240,1993,26,25,2147,23.9,6,6,6,0,0,7,1,0.25,0.25,0.50,0.25,0.50,4.2,4.2,5.9,10.1,0.18,0.25,0.42,0.18,0.42,Matches
Felipe,br BRA,DF,Atlético Madrid,32-303,1989,18,12,1202,13.4,2,1,2,0,0,4,1,0.15,0.07,0.22,0.15,0.22,0.9,0.9,0.4,1.3,0.07,0.03,0.10,0.07,0.10,Matches
Player,Nation,Pos,Squad,Age,Born,MP,Starts,Min,90s,Gls,Ast,G-PK,PK,PKatt,CrdY,CrdR,Gls,Ast,G+A,G-PK,G+A-PK,xG,npxG,xA,npxG+xA,xG,xA,xG+xA,npxG,npxG+xA,Matches
João Félix,pt POR,"FW,MF",Atlético Madrid,22-125,1999,20,10,1036,11.5,6,3,6,0,0,3,1,0.52,0.26,0.78,0.52,0.78,3.9,3.9,1.9,5.8,0.34,0.16,0.50,0.34,0.50,Matches
Aitor Fernández,es ESP,GK,Levante,30-316,1991,13,13,1166,13.0,0,0,0,0,0,1,1,0.00,0.00,0.00,0.00,0.00,0.0,0.0,0.0,0.0,0.00,0.00,0.00,0.00,0.00,Matches
Álex Fernández,es ESP,MF,Cádiz,29-151,1992,24,16,1508,16.8,3,1,2,1,2,2,0,0.18,0.06,0.24,0.12,0.18,2.4,0.9,0.6,1.5,0.14,0.03,0.18,0.05,0.09,Matches
Fernando,br BRA,"MF,DF",Sevilla,34-233,1987,24,21,1850,20.6,1,1,1,0,0,6,0,0.05,0.05,0.10,0.05,0.10,0.6,0.6,0.3,0.9,0.03,0.01,0.04,0.03,0.04,Matches
Fidel,es ESP,MF,Elche,32-139,1989,24,22,1737,19.3,5,3,4,1,1,7,0,0.26,0.16,0.41,0.21,0.36,2.3,1.5,3.4,4.9,0.12,0.17,0.29,0.08,0.25,Matches
José Fontán,es ESP,DF,Celta Vigo,22-032,2000,5,2,178,2.0,0,0,0,0,0,2,0,0.00,0.00,0.00,0.00,0.00,0.1,0.1,0.0,0.2,0.06,0.02,0.08,0.06,0.08,Matches
Dimitri Foulquier,fr FRA,DF,Granada,28-357,1993,2,2,180,2.0,0,0,0,0,0,0,0,0.00,0.00,0.00,0.00,0.00,0.0,0.0,0.0,0.0,0.00,0.01,0.01,0.00,0.01,Matches
Dimitri Foulquier,fr FRA,DF,Valencia,28-357,1993,21,19,1739,19.3,0,1,0,0,0,8,0,0.00,0.05,0.05,0.00,0.05,0.7,0.7,0.4,1.0,0.04,0.02,0.05,0.04,0.05,Matches
Juan Foyth,ar ARG,DF,Villarreal,24-062,1998,18,17,1468,16.3,0,0,0,0,0,5,1,0.00,0.00,0.00,0.00,0.00,0.1,0.1,1.4,1.4,0.00,0.09,0.09,0.00,0.09,Matches
Enric Franquesa,es ESP,DF,Levante,25-017,1997,14,5,573,6.4,0,0,0,0,0,1,0,0.00,0.00,0.00,0.00,0.00,0.0,0.0,0.1,0.1,0.00,0.02,0.02,0.00,0.02,Matches
Jorge de Frutos,es ESP,"MF,FW",Levante,25-023,1997,25,20,1760,19.6,4,7,4,0,0,4,0,0.20,0.36,0.56,0.20,0.56,5.9,5.9,3.3,9.2,0.30,0.17,0.47,0.30,0.47,Matches
Javi Galán,es ESP,DF,Celta Vigo,27-116,1994,28,28,2488,27.6,0,2,0,0,0,4,0,0.00,0.07,0.07,0.00,0.07,0.3,0.3,1.0,1.3,0.01,0.04,0.05,0.01,0.05,Matches
Iñigo Ruiz de Galarreta,es ESP,MF,Mallorca,28-221,1993,22,17,1378,15.3,0,0,0,0,0,4,0,0.00,0.00,0.00,0.00,0.00,0.4,0.4,0.7,1.1,0.03,0.04,0.07,0.03,0.07,Matches
Thiago Galhardo,br BRA,"FW,MF",Celta Vigo,32-238,1989,22,4,676,7.5,1,1,1,0,0,3,0,0.13,0.13,0.27,0.13,0.27,1.6,1.6,1.5,3.1,0.21,0.20,0.41,0.21,0.41,Matches
Álvaro García,es ESP,"FW,MF",Rayo Vallecano,29-139,1992,25,23,2027,22.5,5,2,5,0,0,5,0,0.22,0.09,0.31,0.22,0.31,5.4,5.4,3.3,8.7,0.24,0.15,0.39,0.24,0.39,Matches
Dani García,es ESP,MF,Athletic Club,31-295,1990,25,22,1808,20.1,0,0,0,0,0,7,0,0.00,0.00,0.00,0.00,0.00,0.8,0.8,0.5,1.3,0.04,0.02,0.06,0.04,0.06,Matches
David García,es ESP,DF,Osasuna,28-029,1994,26,26,2295,25.5,4,0,4,0,0,6,0,0.16,0.00,0.16,0.16,0.16,1.0,1.0,0.2,1.2,0.04,0.01,0.05,0.04,0.05,Matches
Eric García,es ESP,DF,Barcelona,21-065,2001,18,17,1420,15.8,0,0,0,0,0,4,1,0.00,0.00,0.00,0.00,0.00,0.1,0.1,0.1,0.2,0.01,0.01,0.01,0.01,0.01,Matches
Francisco Garcia,es ESP,DF,Rayo Vallecano,22-213,1999,25,25,2232,24.8,1,0,1,0,0,3,0,0.04,0.00,0.04,0.04,0.04,0.7,0.7,1.0,1.7,0.03,0.04,0.07,0.03,0.07,Matches
Joan García,es ESP,GK,Espanyol,20-315,2001,2,1,108,1.2,0,0,0,0,0,0,0,0.00,0.00,0.00,0.00,0.00,0.0,0.0,0.0,0.0,0.00,0.00,0.00,0.00,0.00,Matches
Manu García,es ESP,MF,Alavés,24-072,1998,19,7,749,8.3,0,0,0,0,0,1,0,0.00,0.00,0.00,0.00,0.00,0.1,0.1,0.8,0.9,0.02,0.09,0.11,0.02,0.11,Matches
Raúl García,es ESP,FW,Athletic Club,35-247,1986,25,18,1369,15.2,4,1,4,0,1,2,0,0.26,0.07,0.33,0.26,0.33,4.5,3.8,2.3,6.1,0.30,0.15,0.45,0.25,0.40,Matches
Rubén García,es ESP,"MF,FW",Osasuna,28-244,1993,27,24,1897,21.1,1,3,1,0,1,1,0,0.05,0.14,0.19,0.05,0.19,2.1,1.4,2.1,3.5,0.10,0.10,0.20,0.07,0.17,Matches
Saúl García,es ESP,FW,Alavés,27-126,1994,1,0,4,0.0,0,0,0,0,0,0,0,0.00,0.00,0.00,0.00,0.00,0.0,0.0,0.0,0.0,0.00,0.00,0.00,0.00,0.00,Matches
Unai García,es ESP,DF,Osasuna,30-040,1992,16,13,1228,13.6,0,0,0,0,0,5,0,0.00,0.00,0.00,0.00,0.00,0.3,0.3,0.0,0.4,0.02,0.00,0.03,0.02,0.03,Matches
Player,Nation,Pos,Squad,Age,Born,MP,Starts,Min,90s,Gls,Ast,G-PK,PK,PKatt,CrdY,CrdR,Gls,Ast,G+A,G-PK,G+A-PK,xG,npxG,xA,npxG+xA,xG,xA,xG+xA,npxG,npxG+xA,Matches
Mario Gaspar,es ESP,DF,Villarreal,31-111,1990,7,4,362,4.0,0,0,0,0,0,1,0,0.00,0.00,0.00,0.00,0.00,0.2,0.2,0.5,0.7,0.05,0.14,0.18,0.05,0.18,Matches
Óscar Gil,es ESP,DF,Espanyol,24-323,1997,18,16,1390,15.4,0,2,0,0,0,6,0,0.00,0.13,0.13,0.00,0.13,0.3,0.3,2.3,2.6,0.02,0.15,0.17,0.02,0.17,Matches
Dani Gómez,es ESP,FW,Levante,23-228,1998,20,6,650,7.2,3,2,3,0,0,1,0,0.42,0.28,0.69,0.42,0.69,2.8,2.8,1.5,4.3,0.38,0.21,0.59,0.38,0.59,Matches
Maxi Gómez,uy URU,FW,Valencia,25-213,1996,22,16,1504,16.7,3,1,3,0,0,7,1,0.18,0.06,0.24,0.18,0.24,3.0,3.0,1.8,4.8,0.18,0.11,0.29,0.18,0.29,Matches
Moi Gómez,es ESP,"MF,FW",Villarreal,27-265,1994,23,9,985,10.9,1,2,1,0,0,2,0,0.09,0.18,0.27,0.09,0.27,2.4,2.4,1.7,4.1,0.22,0.15,0.37,0.22,0.37,Matches
Papu Gómez,ar ARG,"FW,MF",Sevilla,34-028,1988,21,13,1298,14.4,4,1,4,0,0,2,0,0.28,0.07,0.35,0.28,0.35,1.6,1.5,1.0,2.5,0.11,0.07,0.18,0.10,0.18,Matches
Sergi Gómez,es ESP,DF,Espanyol,29-352,1992,25,25,2191,24.3,1,2,1,0,0,1,1,0.04,0.08,0.12,0.04,0.12,0.8,0.8,0.8,1.6,0.03,0.03,0.07,0.03,0.07,Matches
Maxime Gonalons,fr FRA,MF,Granada,33-005,1989,19,17,1256,14.0,0,1,0,0,0,6,0,0.00,0.07,0.07,0.00,0.07,0.4,0.4,0.7,1.1,0.02,0.05,0.07,0.02,0.07,Matches
Diego González,es ESP,DF,Elche,27-046,1995,21,14,1313,14.6,0,0,0,0,0,3,1,0.00,0.00,0.00,0.00,0.00,0.2,0.2,0.1,0.3,0.01,0.00,0.02,0.01,0.02,Matches
Édgar González,es ESP,DF,Betis,24-348,1997,19,13,1364,15.2,1,1,1,0,0,6,0,0.07,0.07,0.13,0.07,0.13,0.8,0.8,0.6,1.5,0.06,0.04,0.10,0.06,0.10,Matches
Giovanni González,uy URU,DF,Mallorca,27-176,1994,4,1,107,1.2,1,0,1,0,0,0,0,0.84,0.00,0.84,0.84,0.84,0.5,0.5,0.1,0.6,0.43,0.06,0.49,0.43,0.49,Matches
Nicolás González,es ESP,MF,Barcelona,20-071,2002,23,11,1022,11.4,2,1,2,0,0,5,0,0.18,0.09,0.26,0.18,0.26,1.4,1.4,1.2,2.6,0.12,0.11,0.23,0.12,0.23,Matches
Peter González,do DOM,"DF,FW",Real Madrid,19-233,2002,2,0,11,0.1,0,0,0,0,0,0,0,0.00,0.00,0.00,0.00,0.00,0.2,0.2,0.3,0.5,1.66,2.15,3.81,1.66,3.81,Matches
Roberto González,es ESP,"FW,MF",Betis,21-068,2001,4,1,135,1.5,0,0,0,0,0,0,0,0.00,0.00,0.00,0.00,0.00,0.2,0.2,0.0,0.2,0.10,0.00,0.10,0.10,0.10,Matches
Gori,es ESP,MF,Espanyol,19-304,2002,1,0,9,0.1,0,0,0,0,0,1,0,0.00,0.00,0.00,0.00,0.00,0.0,0.0,0.0,0.0,0.00,0.00,0.00,0.00,0.00,Matches
Andoni Gorosabel,es ESP,DF,Real Sociedad,25-223,1996,22,19,1704,18.9,0,1,0,0,0,3,0,0.00,0.05,0.05,0.00,0.05,0.1,0.1,1.4,1.6,0.01,0.08,0.08,0.01,0.08,Matches
Jaume Grau,es ESP,MF,Osasuna,24-314,1997,1,0,3,0.0,0,0,0,0,0,0,0,0.00,0.00,0.00,0.00,0.00,0.0,0.0,0.0,0.0,0.00,0.00,0.00,0.00,0.00,Matches
Dominik Greif,sk SVK,GK,Mallorca,24-343,1997,1,1,90,1.0,0,0,0,0,0,0,0,0.00,0.00,0.00,0.00,0.00,0.0,0.0,0.0,0.0,0.00,0.00,0.00,0.00,0.00,Matches
Clément Grenier,fr FRA,MF,Mallorca,31-067,1991,1,0,5,0.1,0,0,0,0,0,0,0,0.00,0.00,0.00,0.00,0.00,0.0,0.0,0.0,0.0,0.00,0.00,0.00,0.00,0.00,Matches
Antoine Griezmann,fr FRA,FW,Barcelona,30-359,1991,3,3,263,2.9,0,0,0,0,0,0,0,0.00,0.00,0.00,0.00,0.00,0.4,0.4,0.0,0.4,0.12,0.00,0.12,0.12,0.12,Matches
Antoine Griezmann,fr FRA,"FW,MF",Atlético Madrid,30-359,1991,16,13,1027,11.4,3,2,3,0,0,2,0,0.26,0.18,0.44,0.26,0.44,2.6,2.6,2.1,4.7,0.23,0.18,0.41,0.23,0.41,Matches
Arnaut Groeneveld,nl NED,FW,Villarreal,25-043,1997,18,15,1222,13.6,8,3,6,2,2,1,0,0.59,0.22,0.81,0.44,0.66,10.3,8.7,1.7,10.4,0.76,0.12,0.88,0.64,0.77,Matches
Andrés Guardado,mx MEX,MF,Betis,35-168,1986,22,13,1114,12.4,0,1,0,0,0,3,0,0.00,0.08,0.08,0.00,0.08,0.7,0.7,0.5,1.2,0.06,0.04,0.09,0.06,0.09,Matches
Sergi Guardiola,es ESP,FW,Rayo Vallecano,30-290,1991,22,12,1057,11.7,3,2,3,0,0,2,0,0.26,0.17,0.43,0.26,0.43,4.7,4.7,0.9,5.6,0.40,0.07,0.48,0.40,0.48,Matches
Nemanja Gudelj,rs SRB,"DF,MF",Sevilla,30-119,1991,14,5,653,7.3,0,0,0,0,0,3,0,0.00,0.00,0.00,0.00,0.00,0.1,0.1,0.1,0.2,0.01,0.01,0.02,0.01,0.02,Matches
Player,Nation,Pos,Squad,Age,Born,MP,Starts,Min,90s,Gls,Ast,G-PK,PK,PKatt,CrdY,CrdR,Gls,Ast,G+A,G-PK,G+A-PK,xG,npxG,xA,npxG+xA,xG,xA,xG+xA,npxG,npxG+xA,Matches
Gonçalo Guedes,pt POR,"FW,MF",Valencia,25-106,1996,27,25,2095,23.3,10,5,9,1,2,2,0,0.43,0.21,0.64,0.39,0.60,5.7,4.1,3.5,7.5,0.24,0.15,0.39,0.17,0.32,Matches
Ander Guevara,es ESP,MF,Real Sociedad,24-251,1997,15,11,851,9.5,0,0,0,0,0,2,0,0.00,0.00,0.00,0.00,0.00,0.1,0.1,0.2,0.2,0.01,0.02,0.03,0.01,0.03,Matches
John Guidetti,se SWE,"FW,MF",Alavés,29-334,1992,9,2,278,3.1,0,0,0,0,0,1,0,0.00,0.00,0.00,0.00,0.00,0.5,0.5,0.3,0.8,0.17,0.10,0.27,0.17,0.27,Matches
Hugo Guillamón,es ESP,"MF,DF",Valencia,22-043,2000,25,23,1916,21.3,1,0,1,0,0,8,1,0.05,0.00,0.05,0.05,0.05,0.3,0.3,0.4,0.7,0.02,0.02,0.03,0.02,0.03,Matches
Gerard Gumbau,es ESP,MF,Elche,27-087,1994,21,12,1201,13.3,0,2,0,0,0,6,1,0.00,0.15,0.15,0.00,0.15,0.4,0.4,1.3,1.7,0.03,0.10,0.13,0.03,0.13,Matches
Jon Guridi,es ESP,MF,Real Sociedad,27-015,1995,4,1,133,1.5,0,0,0,0,0,0,0,0.00,0.00,0.00,0.00,0.00,0.0,0.0,0.0,0.0,0.00,0.00,0.00,0.00,0.00,Matches
Raúl Guti,es ESP,MF,Elche,25-075,1996,21,13,1197,13.3,0,0,0,0,0,4,1,0.00,0.00,0.00,0.00,0.00,0.5,0.5,0.2,0.7,0.04,0.01,0.05,0.04,0.05,Matches
Marcos Mauro López Gutiérrez,ar ARG,DF,Cádiz,31-065,1991,3,1,136,1.5,0,0,0,0,0,1,0,0.00,0.00,0.00,0.00,0.00,0.0,0.0,0.0,0.0,0.00,0.00,0.00,0.00,0.00,Matches
Miguel Gutiérrez,es ESP,DF,Real Madrid,20-231,2001,3,3,260,2.9,0,1,0,0,0,1,0,0.00,0.35,0.35,0.00,0.35,0.0,0.0,0.5,0.5,0.00,0.17,0.17,0.00,0.17,Matches
Munir El Haddadi,ma MAR,FW,Sevilla,26-195,1995,15,3,429,4.8,2,0,2,0,0,2,0,0.42,0.00,0.42,0.42,0.42,1.6,1.6,0.6,2.2,0.33,0.12,0.45,0.33,0.45,Matches
Varazdat Haroyan,am ARM,DF,Cádiz,29-203,1992,17,16,1437,16.0,1,0,1,0,0,9,0,0.06,0.00,0.06,0.06,0.06,0.6,0.6,0.2,0.8,0.04,0.01,0.05,0.04,0.05,Matches
Eden Hazard,be BEL,"FW,MF",Real Madrid,31-067,1991,17,7,690,7.7,0,1,0,0,0,2,0,0.00,0.13,0.13,0.00,0.13,1.2,1.2,2.5,3.7,0.15,0.33,0.48,0.15,0.48,Matches
Kike Hermoso,es ESP,DF,Betis,22-217,1999,1,1,90,1.0,1,0,1,0,0,0,0,1.00,0.00,1.00,1.00,1.00,0.2,0.2,0.0,0.2,0.16,0.00,0.16,0.16,0.16,Matches
Mario Hermoso,es ESP,DF,Atlético Madrid,26-270,1995,23,19,1684,18.7,2,1,2,0,0,4,1,0.11,0.05,0.16,0.11,0.16,2.0,2.0,0.6,2.5,0.10,0.03,0.14,0.10,0.14,Matches
Aridane Hernández,gq EQG,DF,Osasuna,32-357,1989,8,6,574,6.4,0,0,0,0,0,1,0,0.00,0.00,0.00,0.00,0.00,0.1,0.1,0.0,0.2,0.02,0.00,0.03,0.02,0.03,Matches
Luis Hernández,es ESP,DF,Cádiz,32-335,1989,6,5,466,5.2,0,0,0,0,0,1,0,0.00,0.00,0.00,0.00,0.00,0.3,0.3,0.0,0.3,0.05,0.01,0.06,0.05,0.06,Matches
Mario Hernández,es ESP,"DF,FW",Rayo Vallecano,23-049,1999,3,2,145,1.6,1,0,1,0,0,0,0,0.62,0.00,0.62,0.62,0.62,0.4,0.4,0.0,0.4,0.23,0.00,0.23,0.23,0.23,Matches
Héctor Herrera,mx MEX,MF,Atlético Madrid,31-330,1990,17,6,700,7.8,0,0,0,0,0,4,0,0.00,0.00,0.00,0.00,0.00,0.5,0.5,0.4,0.8,0.06,0.05,0.11,0.06,0.11,Matches
Sergio Herrera,es ESP,GK,Osasuna,28-283,1993,27,27,2430,27.0,0,0,0,0,0,3,0,0.00,0.00,0.00,0.00,0.00,0.0,0.0,0.0,0.0,0.00,0.00,0.00,0.00,0.00,Matches
Yangel Herrera,ve VEN,MF,Espanyol,24-067,1998,15,11,996,11.1,1,1,1,0,0,3,0,0.09,0.09,0.18,0.09,0.18,0.8,0.8,0.7,1.5,0.07,0.07,0.14,0.07,0.14,Matches
Matthew Hoppe,us USA,FW,Mallorca,21-002,2001,4,1,129,1.4,0,1,0,0,0,0,0,0.00,0.70,0.70,0.00,0.70,0.1,0.1,0.2,0.3,0.07,0.11,0.18,0.07,0.18,Matches
Robert Ibáñez,es ESP,MF,Osasuna,28-358,1993,4,1,93,1.0,0,0,0,0,0,0,0,0.00,0.00,0.00,0.00,0.00,0.4,0.4,0.2,0.6,0.38,0.16,0.55,0.38,0.55,Matches
Vicente Iborra,es ESP,MF,Villarreal,34-058,1988,14,8,715,7.9,0,1,0,0,0,4,0,0.00,0.13,0.13,0.00,0.13,0.4,0.4,0.6,1.0,0.05,0.08,0.13,0.05,0.13,Matches
Oussama Idrissi,ma MAR,"FW,MF",Sevilla,26-017,1996,5,2,127,1.4,0,0,0,0,0,1,0,0.00,0.00,0.00,0.00,0.00,0.1,0.1,0.1,0.2,0.08,0.08,0.16,0.08,0.16,Matches
Oussama Idrissi,ma MAR,MF,Cádiz,26-017,1996,4,3,232,2.6,1,1,1,0,0,1,0,0.39,0.39,0.78,0.39,0.78,0.7,0.7,0.4,1.1,0.27,0.15,0.42,0.27,0.42,Matches
Player,Nation,Pos,Squad,Age,Born,MP,Starts,Min,90s,Gls,Ast,G-PK,PK,PKatt,CrdY,CrdR,Gls,Ast,G+A,G-PK,G+A-PK,xG,npxG,xA,npxG+xA,xG,xA,xG+xA,npxG,npxG+xA,Matches
Iglesias,es ESP,DF,Getafe,23-255,1998,14,5,480,5.3,0,1,0,0,0,0,0,0.00,0.19,0.19,0.00,0.19,0.1,0.1,0.8,0.9,0.01,0.15,0.17,0.01,0.17,Matches
Borja Iglesias,es ESP,FW,Betis,29-057,1993,24,13,1078,12.0,8,0,6,2,2,4,0,0.67,0.00,0.67,0.50,0.50,6.9,5.4,1.8,7.2,0.58,0.15,0.73,0.45,0.60,Matches
Asier Illarramendi,es ESP,MF,Real Sociedad,32-007,1990,4,3,184,2.0,0,0,0,0,0,1,0,0.00,0.00,0.00,0.00,0.00,0.0,0.0,0.0,0.0,0.00,0.00,0.00,0.00,0.00,Matches
Nikita Iosifov,ru RUS,MF,Villarreal,20-338,2001,1,0,1,0.0,0,0,0,0,0,0,0,0.00,0.00,0.00,0.00,0.00,0.0,0.0,0.0,0.0,0.00,0.00,0.00,0.00,0.00,Matches
Alexander Isak,se SWE,FW,Real Sociedad,22-175,1999,23,19,1521,16.9,4,2,3,1,1,2,0,0.24,0.12,0.36,0.18,0.30,5.9,5.2,2.3,7.5,0.35,0.14,0.49,0.31,0.44,Matches
Isco,es ESP,"MF,FW",Real Madrid,29-328,1992,10,2,199,2.2,1,0,1,0,0,1,0,0.45,0.00,0.45,0.45,0.45,0.5,0.5,0.4,0.9,0.18,0.12,0.30,0.18,0.30,Matches
Nicolas Jackson,sn SEN,FW,Villarreal,20-268,2001,5,0,61,0.7,0,0,0,0,0,0,0,0.00,0.00,0.00,0.00,0.00,0.5,0.5,0.0,0.5,0.78,0.00,0.78,0.78,0.78,Matches
Jakub Jankto,cz CZE,"DF,MF",Getafe,26-055,1996,13,5,506,5.6,0,1,0,0,0,1,0,0.00,0.18,0.18,0.00,0.18,0.2,0.2,0.1,0.3,0.03,0.03,0.06,0.03,0.06,Matches
Adnan Januzaj,be BEL,"FW,MF",Real Sociedad,27-038,1995,24,14,1238,13.8,2,0,1,1,1,4,0,0.15,0.00,0.15,0.07,0.07,2.7,1.9,2.9,4.8,0.19,0.21,0.40,0.14,0.35,Matches
Jason,es ESP,"MF,FW",Alavés,27-252,1994,8,6,420,4.7,0,0,0,0,0,0,0,0.00,0.00,0.00,0.00,0.00,0.3,0.3,0.6,0.9,0.06,0.13,0.20,0.06,0.20,Matches
Jason,es ESP,"MF,DF",Valencia,27-252,1994,5,1,75,0.8,0,0,0,0,0,2,0,0.00,0.00,0.00,0.00,0.00,0.1,0.1,0.1,0.2,0.07,0.17,0.24,0.07,0.24,Matches
Luis Javier Suárez,co COL,FW,Granada,24-103,1997,27,26,2217,24.6,6,3,6,0,1,4,0,0.24,0.12,0.37,0.24,0.37,8.1,7.3,2.3,9.7,0.32,0.09,0.41,0.29,0.38,Matches
Álvaro Jiménez,es ESP,"MF,FW",Cádiz,26-300,1995,9,1,234,2.6,0,0,0,0,0,0,0,0.00,0.00,0.00,0.00,0.00,0.1,0.1,0.1,0.2,0.05,0.03,0.08,0.05,0.08,Matches
Joaquín,es ESP,"FW,MF",Betis,40-237,1981,12,1,234,2.6,0,1,0,0,0,0,0,0.00,0.38,0.38,0.00,0.38,0.4,0.4,1.1,1.5,0.16,0.43,0.59,0.16,0.59,Matches
Jofre,es ESP,"DF,MF",Espanyol,20-271,2001,2,0,16,0.2,0,1,0,0,0,0,0,0.00,5.63,5.63,0.00,5.63,0.0,0.0,0.3,0.3,0.00,1.97,1.97,0.00,1.97,Matches
Frenkie de Jong,nl NED,MF,Barcelona,24-307,1997,22,20,1692,18.8,3,3,3,0,0,5,1,0.16,0.16,0.32,0.16,0.32,4.0,4.0,2.3,6.3,0.21,0.12,0.33,0.21,0.33,Matches
Luuk de Jong,nl NED,FW,Barcelona,31-200,1990,15,6,577,6.4,5,0,5,0,0,0,0,0.78,0.00,0.78,0.78,0.78,3.3,3.3,0.2,3.5,0.52,0.03,0.55,0.52,0.55,Matches
Joan Jordán,es ESP,MF,Sevilla,27-252,1994,27,23,1848,20.5,0,1,0,0,0,5,0,0.00,0.05,0.05,0.00,0.05,0.8,0.8,1.2,2.1,0.04,0.06,0.10,0.04,0.10,Matches
Josan,es ESP,"DF,MF",Elche,32-102,1989,21,6,706,7.8,1,1,1,0,0,1,0,0.13,0.13,0.25,0.13,0.25,0.6,0.6,1.7,2.3,0.08,0.21,0.30,0.08,0.30,Matches
Willian José,br BRA,FW,Betis,30-112,1991,23,14,1209,13.4,8,4,5,3,3,2,0,0.60,0.30,0.89,0.37,0.67,5.7,3.5,2.5,5.9,0.43,0.19,0.61,0.26,0.44,Matches
Joselu,es ESP,FW,Alavés,31-353,1990,28,26,2336,26.0,12,2,6,6,6,0,0,0.46,0.08,0.54,0.23,0.31,9.6,5.0,2.9,7.9,0.37,0.11,0.48,0.19,0.30,Matches
Josema,es ESP,DF,Elche,25-282,1996,6,1,183,2.0,0,0,0,0,0,0,0,0.00,0.00,0.00,0.00,0.00,0.0,0.0,0.1,0.1,0.00,0.05,0.05,0.00,0.05,Matches
Luka Jović,rs SRB,FW,Real Madrid,24-082,1997,13,0,293,3.3,1,2,1,0,0,0,0,0.31,0.61,0.92,0.31,0.92,1.9,1.9,0.8,2.7,0.59,0.25,0.83,0.59,0.83,Matches
Miguel Juan Llambrich,es ESP,DF,Espanyol,26-056,1996,2,1,70,0.8,0,0,0,0,0,0,0,0.00,0.00,0.00,0.00,0.00,0.0,0.0,0.0,0.0,0.00,0.00,0.00,0.00,0.00,Matches
José Juan Macías,mx MEX,"FW,MF",Getafe,22-174,1999,7,2,201,2.2,0,0,0,0,0,1,0,0.00,0.00,0.00,0.00,0.00,0.2,0.2,0.0,0.2,0.09,0.00,0.09,0.09,0.09,Matches
Player,Nation,Pos,Squad,Age,Born,MP,Starts,Min,90s,Gls,Ast,G-PK,PK,PKatt,CrdY,CrdR,Gls,Ast,G+A,G-PK,G+A-PK,xG,npxG,xA,npxG+xA,xG,xA,xG+xA,npxG,npxG+xA,Matches
Juanmi,es ESP,FW,Betis,28-299,1993,23,18,1456,16.2,12,1,12,0,0,5,0,0.74,0.06,0.80,0.74,0.80,7.7,7.7,1.0,8.6,0.47,0.06,0.53,0.47,0.53,Matches
Lago Junior,ci CIV,"FW,MF",Mallorca,31-074,1990,6,1,177,2.0,0,0,0,0,0,0,0,0.00,0.00,0.00,0.00,0.00,0.3,0.3,0.0,0.3,0.16,0.00,0.16,0.16,0.16,Matches
Vinicius Júnior,br BRA,FW,Real Madrid,21-246,2000,26,24,2111,23.5,14,6,14,0,0,6,0,0.60,0.26,0.85,0.60,0.85,10.3,10.3,5.6,15.9,0.44,0.24,0.68,0.44,0.68,Matches
Jutglà,es ESP,FW,Barcelona,23-042,1999,6,4,301,3.3,1,0,1,0,0,1,0,0.30,0.00,0.30,0.30,0.30,1.6,1.6,0.4,2.0,0.47,0.13,0.60,0.47,0.60,Matches
Jens Jønsson,dk DEN,MF,Cádiz,29-064,1993,20,15,1149,12.8,0,1,0,0,0,2,0,0.00,0.08,0.08,0.00,0.08,0.3,0.3,0.9,1.2,0.02,0.07,0.09,0.02,0.09,Matches
Lee Kangin,kr KOR,"MF,FW",Mallorca,21-024,2001,22,13,1160,12.9,1,2,1,0,0,4,1,0.08,0.16,0.23,0.08,0.23,1.4,1.4,2.1,3.5,0.11,0.16,0.27,0.11,0.27,Matches
Kike,es ESP,FW,Osasuna,32-110,1989,26,17,1622,18.0,5,1,4,1,1,1,0,0.28,0.06,0.33,0.22,0.28,5.9,5.2,2.0,7.2,0.33,0.11,0.44,0.29,0.40,Matches
Koba Koindredi,fr FRA,MF,Valencia,20-139,2001,9,1,167,1.9,0,0,0,0,0,1,0,0.00,0.00,0.00,0.00,0.00,0.0,0.0,0.0,0.0,0.01,0.00,0.01,0.01,0.01,Matches
Koke,es ESP,MF,Atlético Madrid,30-066,1992,22,21,1808,20.1,0,1,0,0,0,4,0,0.00,0.05,0.05,0.00,0.05,0.9,0.9,0.9,1.8,0.04,0.05,0.09,0.04,0.09,Matches
Geoffrey Kondogbia,cf CTA,"MF,DF",Atlético Madrid,29-028,1993,19,13,1180,13.1,1,2,1,0,0,8,1,0.08,0.15,0.23,0.08,0.23,0.3,0.3,0.5,0.7,0.02,0.04,0.06,0.02,0.06,Matches
Jules Koundé,fr FRA,DF,Sevilla,23-123,1998,22,21,1836,20.4,0,1,0,0,0,2,2,0.00,0.05,0.05,0.00,0.05,0.4,0.4,1.8,2.2,0.02,0.09,0.11,0.02,0.11,Matches
Toni Kroos,de GER,MF,Real Madrid,32-070,1990,19,19,1615,17.9,1,3,1,0,0,2,0,0.06,0.17,0.22,0.06,0.22,1.9,1.9,2.6,4.5,0.10,0.15,0.25,0.10,0.25,Matches
Takefusa Kubo,jp JPN,"FW,MF",Mallorca,20-284,2001,19,15,1246,13.8,1,0,1,0,0,3,0,0.07,0.00,0.07,0.07,0.07,2.3,2.3,2.4,4.7,0.17,0.18,0.34,0.17,0.34,Matches
Víctor Laguardia,es ESP,DF,Alavés,32-130,1989,25,25,2243,24.9,2,1,2,0,0,7,0,0.08,0.04,0.12,0.08,0.12,1.1,1.1,0.0,1.1,0.05,0.00,0.05,0.05,0.05,Matches
Diego Lainez,mx MEX,"FW,MF",Betis,21-279,2000,5,1,100,1.1,0,0,0,0,0,0,0,0.00,0.00,0.00,0.00,0.00,0.1,0.1,0.2,0.3,0.05,0.18,0.23,0.05,0.23,Matches
Érik Lamela,ar ARG,FW,Sevilla,30-011,1992,12,5,604,6.7,4,1,4,0,0,4,0,0.60,0.15,0.75,0.60,0.75,1.8,1.8,1.0,2.8,0.26,0.15,0.42,0.26,0.42,Matches
Toni Lato,es ESP,"DF,MF",Valencia,24-114,1997,11,7,590,6.6,0,1,0,0,0,5,0,0.00,0.15,0.15,0.00,0.15,0.0,0.0,0.5,0.5,0.00,0.07,0.07,0.00,0.07,Matches
Robin Le Normand,fr FRA,DF,Real Sociedad,25-124,1996,28,28,2520,28.0,0,1,0,0,0,3,0,0.00,0.04,0.04,0.00,0.04,0.9,0.9,0.1,1.0,0.03,0.00,0.04,0.03,0.04,Matches
Jeremías Ledesma,ar ARG,GK,Cádiz,29-030,1993,28,28,2520,28.0,0,0,0,0,0,4,0,0.00,0.00,0.00,0.00,0.00,0.0,0.0,0.0,0.0,0.00,0.00,0.00,0.00,0.00,Matches
Wu Lei,cn CHN,"FW,MF",Espanyol,30-116,1991,16,3,331,3.7,0,0,0,0,0,0,0,0.00,0.00,0.00,0.00,0.00,0.4,0.4,0.6,1.1,0.12,0.17,0.29,0.12,0.29,Matches
Florian Lejeune,fr FRA,DF,Alavés,30-299,1991,20,20,1799,20.0,0,0,0,0,0,8,1,0.00,0.00,0.00,0.00,0.00,0.6,0.6,0.2,0.7,0.03,0.01,0.04,0.03,0.04,Matches
Iñigo Lekue,es ESP,DF,Athletic Club,28-315,1993,23,21,1850,20.6,0,2,0,0,0,3,0,0.00,0.10,0.10,0.00,0.10,0.2,0.2,2.1,2.3,0.01,0.10,0.11,0.01,0.11,Matches
Thomas Lemar,fr FRA,MF,Atlético Madrid,26-123,1995,20,15,1300,14.4,4,5,4,0,0,2,0,0.28,0.35,0.62,0.28,0.62,3.1,3.1,3.0,6.1,0.21,0.21,0.42,0.21,0.42,Matches
Ruben Lendinez,es ESP,DF,Valencia,19-001,2003,3,0,47,0.5,0,0,0,0,0,2,0,0.00,0.00,0.00,0.00,0.00,0.0,0.0,0.0,0.0,0.04,0.00,0.04,0.04,0.04,Matches
Clément Lenglet,fr FRA,DF,Barcelona,26-271,1995,13,4,481,5.3,0,1,0,0,0,3,0,0.00,0.19,0.19,0.00,0.19,0.0,0.0,0.6,0.6,0.01,0.11,0.12,0.01,0.12,Matches
Player,Nation,Pos,Squad,Age,Born,MP,Starts,Min,90s,Gls,Ast,G-PK,PK,PKatt,CrdY,CrdR,Gls,Ast,G+A,G-PK,G+A-PK,xG,npxG,xA,npxG+xA,xG,xA,xG+xA,npxG,npxG+xA,Matches
Javier Llabrés,,"FW,MF",Mallorca,,,3,1,117,1.3,0,0,0,0,0,0,0,0.00,0.00,0.00,0.00,0.00,0.1,0.1,0.1,0.2,0.11,0.05,0.16,0.11,0.16,Matches
Marcos Llorente,es ESP,"DF,MF",Atlético Madrid,27-044,1995,20,20,1670,18.6,0,2,0,0,0,2,0,0.00,0.11,0.11,0.00,0.11,0.5,0.5,2.4,2.9,0.03,0.13,0.16,0.03,0.16,Matches
Giovani Lo Celso,ar ARG,"FW,MF",Villarreal,25-340,1996,6,5,385,4.3,0,0,0,0,0,1,0,0.00,0.00,0.00,0.00,0.00,0.5,0.5,0.7,1.2,0.11,0.17,0.28,0.11,0.28,Matches
Julen Lobete,es ESP,"FW,MF",Real Sociedad,21-178,2000,13,2,284,3.2,2,0,2,0,0,0,0,0.63,0.00,0.63,0.63,0.63,1.5,1.5,0.0,1.5,0.48,0.00,0.49,0.48,0.49,Matches
Renan Lodi,br BRA,DF,Atlético Madrid,23-341,1998,21,9,801,8.9,2,1,2,0,0,1,0,0.22,0.11,0.34,0.22,0.34,0.7,0.7,1.0,1.7,0.08,0.11,0.19,0.08,0.19,Matches
David López,es ESP,"MF,DF",Espanyol,32-157,1989,13,6,519,5.8,0,0,0,0,0,1,0,0.00,0.00,0.00,0.00,0.00,0.4,0.4,0.3,0.7,0.07,0.06,0.13,0.07,0.13,Matches
Diego López,es ESP,GK,Espanyol,40-132,1981,27,27,2412,26.8,0,0,0,0,0,3,0,0.00,0.00,0.00,0.00,0.00,0.0,0.0,0.0,0.0,0.00,0.00,0.00,0.00,0.00,Matches
Javi López,es ESP,DF,Alavés,20-073,2002,7,4,406,4.5,0,0,0,0,0,2,0,0.00,0.00,0.00,0.00,0.00,0.0,0.0,0.3,0.3,0.00,0.06,0.06,0.00,0.06,Matches
Unai López,es ESP,MF,Rayo Vallecano,26-136,1995,18,8,688,7.6,0,0,0,0,0,2,0,0.00,0.00,0.00,0.00,0.00,0.3,0.3,1.2,1.6,0.04,0.16,0.20,0.04,0.20,Matches
Anthony Lozano,hn HON,"FW,MF",Cádiz,28-324,1993,23,19,1466,16.3,5,2,5,0,0,5,0,0.31,0.12,0.43,0.31,0.43,4.0,4.0,0.8,4.8,0.25,0.05,0.29,0.25,0.29,Matches
José Luis Gayà,es ESP,DF,Valencia,26-294,1995,17,17,1448,16.1,2,3,2,0,0,7,1,0.12,0.19,0.31,0.12,0.31,0.8,0.8,1.2,2.0,0.05,0.08,0.12,0.05,0.12,Matches
José Luis Morales,es ESP,"FW,MF",Levante,34-235,1987,25,21,1832,20.4,7,1,7,0,1,5,0,0.34,0.05,0.39,0.34,0.39,5.9,5.1,3.3,8.4,0.29,0.16,0.45,0.25,0.41,Matches
Florentino Luís,pt POR,MF,Getafe,22-208,1999,15,7,776,8.6,0,1,0,0,0,1,0,0.00,0.12,0.12,0.00,0.12,0.1,0.1,0.2,0.3,0.01,0.03,0.03,0.01,0.03,Matches
Luismi,es ESP,FW,Sevilla,20-296,2001,2,0,13,0.1,0,0,0,0,0,0,0,0.00,0.00,0.00,0.00,0.00,0.0,0.0,0.0,0.0,0.00,0.00,0.00,0.00,0.00,Matches
Darwin Machís,ve VEN,"MF,FW",Granada,29-036,1993,18,12,1013,11.3,2,0,2,0,0,1,0,0.18,0.00,0.18,0.18,0.18,1.0,1.0,0.9,1.9,0.09,0.08,0.17,0.09,0.17,Matches
Pablo Maffeo,es ESP,DF,Mallorca,24-246,1997,26,26,2181,24.2,1,1,1,0,0,5,0,0.04,0.04,0.08,0.04,0.08,1.5,1.5,1.5,3.0,0.06,0.06,0.12,0.06,0.12,Matches
Nemanja Maksimović,rs SRB,MF,Getafe,27-048,1995,27,27,2353,26.1,1,2,1,0,0,5,0,0.04,0.08,0.11,0.04,0.11,2.2,2.2,0.7,2.8,0.08,0.02,0.11,0.08,0.11,Matches
Hugo Mallo,es ESP,DF,Celta Vigo,30-266,1991,20,20,1736,19.3,1,1,1,0,0,5,2,0.05,0.05,0.10,0.05,0.10,1.0,1.0,1.5,2.5,0.05,0.08,0.13,0.05,0.13,Matches
Mickael Malsa,mq MTQ,MF,Levante,26-154,1995,21,9,954,10.6,0,2,0,0,0,5,0,0.00,0.19,0.19,0.00,0.19,0.4,0.4,0.9,1.3,0.04,0.08,0.12,0.04,0.12,Matches
Giorgi Mamardashvili,ge GEO,GK,Valencia,21-167,2000,11,11,990,11.0,0,0,0,0,0,1,0,0.00,0.00,0.00,0.00,0.00,0.0,0.0,0.0,0.0,0.00,0.00,0.00,0.00,0.00,Matches
Reinildo Mandava,mz MOZ,DF,Atlético Madrid,28-053,1994,7,6,563,6.3,0,0,0,0,0,2,0,0.00,0.00,0.00,0.00,0.00,0.0,0.0,0.1,0.1,0.00,0.01,0.01,0.00,0.01,Matches
Aïssa Mandi,dz ALG,DF,Villarreal,30-144,1991,11,9,900,10.0,1,0,1,0,0,2,0,0.10,0.00,0.10,0.10,0.10,1.2,1.2,0.0,1.2,0.12,0.00,0.12,0.12,0.12,Matches
Maranhão,br BRA,"FW,MF",Valencia,25-146,1996,24,5,672,7.5,1,2,1,0,0,1,0,0.13,0.27,0.40,0.13,0.40,2.8,2.8,1.3,4.1,0.38,0.18,0.55,0.38,0.55,Matches
Nikola Maraš,rs SRB,DF,Rayo Vallecano,26-086,1995,7,4,438,4.9,0,0,0,0,0,2,0,0.00,0.00,0.00,0.00,0.00,0.1,0.1,0.0,0.1,0.02,0.00,0.02,0.02,0.02,Matches
Marcelo,br BRA,DF,Real Madrid,33-307,1988,8,2,241,2.7,0,1,0,0,0,0,0,0.00,0.37,0.37,0.00,0.37,0.1,0.1,0.3,0.4,0.02,0.09,0.11,0.02,0.11,Matches
Player,Nation,Pos,Squad,Age,Born,MP,Starts,Min,90s,Gls,Ast,G-PK,PK,PKatt,CrdY,CrdR,Gls,Ast,G+A,G-PK,G+A-PK,xG,npxG,xA,npxG+xA,xG,xA,xG+xA,npxG,npxG+xA,Matches
Iván Marcone,ar ARG,MF,Elche,31-285,1990,17,8,658,7.3,0,0,0,0,0,3,0,0.00,0.00,0.00,0.00,0.00,0.1,0.1,0.0,0.1,0.01,0.00,0.01,0.01,0.01,Matches
Óscar de Marcos,es ESP,DF,Athletic Club,32-335,1989,14,11,1050,11.7,1,2,1,0,0,3,0,0.09,0.17,0.26,0.09,0.26,0.1,0.1,1.0,1.1,0.01,0.09,0.09,0.01,0.09,Matches
José Mari,es ESP,MF,Cádiz,34-099,1987,2,0,25,0.3,0,0,0,0,0,0,0,0.00,0.00,0.00,0.00,0.00,0.1,0.1,0.0,0.1,0.34,0.00,0.34,0.34,0.34,Matches
José María Giménez,uy URU,DF,Atlético Madrid,27-054,1995,18,18,1507,16.7,0,1,0,0,0,7,0,0.00,0.06,0.06,0.00,0.06,1.0,1.0,0.0,1.0,0.06,0.00,0.06,0.06,0.06,Matches
Mariano,do DOM,FW,Real Madrid,28-226,1993,4,1,127,1.4,0,1,0,0,0,0,0,0.00,0.71,0.71,0.00,0.71,0.4,0.4,0.4,0.8,0.29,0.27,0.56,0.29,0.56,Matches
Roger Martí,es ESP,FW,Levante,31-071,1991,22,20,1690,18.8,4,2,3,1,2,6,0,0.21,0.11,0.32,0.16,0.27,5.6,4.1,0.9,5.0,0.30,0.05,0.35,0.22,0.27,Matches
Anthony Martial,fr FRA,"FW,MF",Sevilla,26-100,1995,4,3,219,2.4,0,1,0,0,0,0,0,0.00,0.41,0.41,0.00,0.41,0.1,0.1,0.1,0.2,0.02,0.05,0.07,0.02,0.07,Matches
Martín,es ESP,MF,Cádiz,23-014,1999,6,1,115,1.3,0,0,0,0,0,1,0,0.00,0.00,0.00,0.00,0.00,0.1,0.1,0.0,0.1,0.05,0.01,0.06,0.05,0.06,Matches
Ander Martin,es ESP,"FW,MF",Real Sociedad,21-119,2000,2,1,76,0.8,0,0,0,0,0,0,0,0.00,0.00,0.00,0.00,0.00,0.1,0.1,0.1,0.2,0.08,0.12,0.20,0.08,0.20,Matches
Andrés Martín,es ESP,"FW,MF",Rayo Vallecano,22-247,1999,7,1,186,2.1,0,0,0,0,0,0,0,0.00,0.00,0.00,0.00,0.00,0.4,0.4,0.0,0.4,0.18,0.00,0.18,0.18,0.18,Matches
Carlos Martín,es ESP,DF,Atlético Madrid,19-327,2002,1,0,6,0.1,0,0,0,0,0,1,0,0.00,0.00,0.00,0.00,0.00,0.0,0.0,0.0,0.0,0.00,0.00,0.00,0.00,0.00,Matches
Iván Martín,es ESP,MF,Alavés,23-029,1999,6,2,166,1.8,0,0,0,0,0,0,0,0.00,0.00,0.00,0.00,0.00,0.1,0.1,0.0,0.1,0.05,0.00,0.05,0.05,0.05,Matches
Iñigo Martínez,es ESP,DF,Athletic Club,30-302,1991,21,20,1801,20.0,3,0,3,0,0,8,2,0.15,0.00,0.15,0.15,0.15,1.9,1.9,0.5,2.4,0.09,0.02,0.12,0.09,0.12,Matches
Javi Martínez,es ESP,"MF,FW",Osasuna,22-083,1999,19,6,629,7.0,1,1,1,0,0,1,0,0.14,0.14,0.29,0.14,0.29,0.7,0.7,0.9,1.6,0.10,0.13,0.23,0.10,0.23,Matches
Pablo Martínez,es ESP,MF,Levante,24-021,1998,13,7,656,7.3,0,1,0,0,0,2,0,0.00,0.14,0.14,0.00,0.14,0.4,0.4,1.3,1.7,0.05,0.18,0.23,0.05,0.23,Matches
Omar Mascarell,es ESP,MF,Elche,29-041,1993,24,23,1907,21.2,0,0,0,0,0,4,0,0.00,0.00,0.00,0.00,0.00,0.6,0.6,0.1,0.7,0.03,0.01,0.03,0.03,0.03,Matches
Jaime Mata,es ESP,FW,Getafe,33-142,1988,21,4,668,7.4,1,0,1,0,0,6,0,0.13,0.00,0.13,0.13,0.13,1.5,1.5,0.4,1.9,0.20,0.06,0.25,0.20,0.25,Matches
Luís Maximiano,pt POR,GK,Granada,23-069,1999,24,24,2146,23.8,0,0,0,0,0,2,0,0.00,0.00,0.00,0.00,0.00,0.0,0.0,0.0,0.0,0.00,0.00,0.00,0.00,0.00,Matches
Borja Mayoral,es ESP,FW,Getafe,24-344,1997,8,4,427,4.7,3,1,2,1,1,1,0,0.63,0.21,0.84,0.42,0.63,1.4,0.7,0.5,1.1,0.29,0.10,0.39,0.14,0.24,Matches
Jordi Mboula,es ESP,FW,Mallorca,22-364,1999,11,5,434,4.8,0,0,0,0,0,2,0,0.00,0.00,0.00,0.00,0.00,0.3,0.3,0.1,0.4,0.06,0.02,0.08,0.06,0.08,Matches
Óscar Melendo,es ESP,"MF,FW",Espanyol,24-204,1997,14,11,693,7.7,0,0,0,0,0,0,0,0.00,0.00,0.00,0.00,0.00,0.5,0.5,0.9,1.4,0.06,0.12,0.18,0.06,0.18,Matches
Gonzalo Melero,es ESP,MF,Levante,28-072,1994,21,15,1296,14.4,3,2,3,0,0,5,0,0.21,0.14,0.35,0.21,0.35,2.1,2.1,0.9,3.0,0.15,0.06,0.21,0.15,0.21,Matches
Brais Méndez,es ESP,"MF,FW",Celta Vigo,25-067,1997,27,26,2193,24.4,4,4,4,0,0,7,0,0.16,0.16,0.33,0.16,0.33,3.2,3.2,2.3,5.5,0.13,0.09,0.23,0.13,0.23,Matches
Édgar Méndez,es ESP,"FW,MF",Alavés,32-072,1990,24,10,1051,11.7,1,0,1,0,0,3,0,0.09,0.00,0.09,0.09,0.09,2.0,2.0,1.1,3.1,0.17,0.09,0.26,0.17,0.26,Matches
Ferland Mendy,fr FRA,DF,Real Madrid,26-280,1995,18,17,1462,16.2,1,1,1,0,0,4,0,0.06,0.06,0.12,0.06,0.12,0.9,0.9,1.2,2.0,0.05,0.07,0.13,0.05,0.13,Matches
Player,Nation,Pos,Squad,Age,Born,MP,Starts,Min,90s,Gls,Ast,G-PK,PK,PKatt,CrdY,CrdR,Gls,Ast,G+A,G-PK,G+A-PK,xG,npxG,xA,npxG+xA,xG,xA,xG+xA,npxG,npxG+xA,Matches
Fran Mérida,es ESP,MF,Espanyol,32-011,1990,7,2,168,1.9,0,0,0,0,0,1,1,0.00,0.00,0.00,0.00,0.00,0.1,0.1,0.1,0.1,0.03,0.04,0.07,0.03,0.07,Matches
Mikel Merino,es ESP,MF,Real Sociedad,25-266,1996,24,24,2088,23.2,3,2,3,0,0,7,0,0.13,0.09,0.22,0.13,0.22,3.4,3.4,3.1,6.5,0.15,0.13,0.28,0.15,0.28,Matches
Martín Merquelanz,es ESP,FW,Rayo Vallecano,26-276,1995,4,3,173,1.9,0,0,0,0,0,0,0,0.00,0.00,0.00,0.00,0.00,0.1,0.1,0.7,0.8,0.08,0.36,0.43,0.08,0.43,Matches
Matt Miazga,us USA,DF,Alavés,26-239,1995,11,9,833,9.3,0,0,0,0,0,2,0,0.00,0.00,0.00,0.00,0.00,0.3,0.3,0.1,0.4,0.03,0.01,0.04,0.03,0.04,Matches
Miguel,es ESP,"FW,MF",Alavés,22-193,1999,15,7,563,6.3,0,1,0,0,0,0,0,0.00,0.16,0.16,0.00,0.16,1.4,1.4,0.3,1.7,0.23,0.04,0.27,0.23,0.27,Matches
Éder Militão,br BRA,DF,Real Madrid,24-056,1998,26,26,2340,26.0,1,2,1,0,0,4,0,0.04,0.08,0.12,0.04,0.12,2.4,2.4,1.1,3.5,0.09,0.04,0.14,0.09,0.14,Matches
Luis Milla,es ESP,MF,Granada,27-159,1994,23,22,1893,21.0,2,2,0,2,2,3,0,0.10,0.10,0.19,0.00,0.10,2.2,0.7,2.9,3.6,0.10,0.13,0.23,0.03,0.16,Matches
Pere Milla,es ESP,"MF,FW",Elche,29-173,1992,23,11,1172,13.0,7,3,7,0,0,3,0,0.54,0.23,0.77,0.54,0.77,4.1,4.1,1.5,5.6,0.31,0.11,0.43,0.31,0.43,Matches
Santi Mina,es ESP,FW,Celta Vigo,26-098,1995,27,25,1995,22.2,7,3,7,0,1,4,0,0.32,0.14,0.45,0.32,0.45,7.4,6.6,1.8,8.5,0.33,0.08,0.42,0.30,0.38,Matches
Óscar Mingueza,es ESP,DF,Barcelona,22-306,1999,15,8,791,8.8,0,1,0,0,0,2,0,0.00,0.11,0.11,0.00,0.11,0.2,0.2,0.9,1.1,0.02,0.10,0.12,0.02,0.12,Matches
Rafa Mir,es ESP,FW,Sevilla,24-270,1997,26,17,1572,17.5,8,0,8,0,0,3,0,0.46,0.00,0.46,0.46,0.46,5.4,5.4,0.2,5.7,0.31,0.01,0.32,0.31,0.32,Matches
Jorge Miramón,es ESP,DF,Levante,32-286,1989,19,15,1372,15.2,0,0,0,0,0,5,0,0.00,0.00,0.00,0.00,0.00,0.0,0.0,0.4,0.5,0.00,0.03,0.03,0.00,0.03,Matches
Juan Miranda,es ESP,DF,Betis,22-055,2000,9,7,592,6.6,0,1,0,0,0,3,0,0.00,0.15,0.15,0.00,0.15,0.1,0.1,0.3,0.4,0.02,0.05,0.06,0.02,0.06,Matches
Stefan Mitrović,rs SRB,DF,Getafe,31-297,1990,24,23,1949,21.7,1,0,1,0,0,4,0,0.05,0.00,0.05,0.05,0.05,0.2,0.2,0.0,0.2,0.01,0.00,0.01,0.01,0.01,Matches
Luka Modrić,hr CRO,MF,Real Madrid,36-187,1985,21,19,1564,17.4,2,5,1,1,1,2,0,0.12,0.29,0.40,0.06,0.35,2.3,1.6,2.8,4.4,0.13,0.16,0.30,0.09,0.25,Matches
Johan Mojica,co COL,DF,Elche,29-206,1992,27,26,2336,26.0,1,4,1,0,0,4,0,0.04,0.15,0.19,0.04,0.19,0.5,0.5,4.2,4.8,0.02,0.16,0.18,0.02,0.18,Matches
Jorge Molina,es ESP,FW,Granada,39-327,1982,26,13,1394,15.5,7,3,7,0,0,1,0,0.45,0.19,0.65,0.45,0.65,3.7,3.7,1.6,5.3,0.24,0.10,0.34,0.24,0.34,Matches
Jon Moncayola,es ESP,MF,Osasuna,23-306,1998,27,25,2211,24.6,2,3,2,0,0,2,0,0.08,0.12,0.20,0.08,0.20,2.0,2.0,1.8,3.8,0.08,0.07,0.15,0.08,0.15,Matches
Monchu,es ESP,MF,Granada,22-183,1999,14,7,668,7.4,0,0,0,0,0,3,1,0.00,0.00,0.00,0.00,0.00,0.4,0.4,0.2,0.7,0.06,0.03,0.09,0.06,0.09,Matches
Gonzalo Montiel,ar ARG,DF,Sevilla,25-073,1997,13,13,887,9.9,1,2,1,0,0,4,0,0.10,0.20,0.30,0.10,0.30,0.2,0.2,1.2,1.4,0.02,0.12,0.14,0.02,0.14,Matches
Ángel Montoro,es ESP,MF,Granada,33-263,1988,21,12,1233,13.7,1,1,1,0,0,5,0,0.07,0.07,0.15,0.07,0.15,0.9,0.9,1.5,2.4,0.07,0.11,0.18,0.07,0.18,Matches
Martín Montoya,es ESP,DF,Betis,30-335,1991,6,6,518,5.8,0,1,0,0,0,2,0,0.00,0.17,0.17,0.00,0.17,0.4,0.4,1.1,1.5,0.06,0.19,0.25,0.06,0.25,Matches
Jon Morcillo,es ESP,MF,Athletic Club,23-181,1998,7,0,54,0.6,0,0,0,0,0,2,0,0.00,0.00,0.00,0.00,0.00,0.4,0.4,0.0,0.4,0.63,0.00,0.63,0.63,0.63,Matches
Alberto Moreno,es ESP,"MF,DF",Villarreal,29-253,1992,24,13,1223,13.6,3,2,3,0,0,3,0,0.22,0.15,0.37,0.22,0.37,3.0,3.0,2.0,5.0,0.22,0.15,0.37,0.22,0.37,Matches
Álex Moreno,es ESP,DF,Betis,28-280,1993,21,20,1694,18.8,4,2,4,0,0,2,1,0.21,0.11,0.32,0.21,0.32,2.2,2.2,1.7,3.9,0.12,0.09,0.21,0.12,0.21,Matches
Player,Nation,Pos,Squad,Age,Born,MP,Starts,Min,90s,Gls,Ast,G-PK,PK,PKatt,CrdY,CrdR,Gls,Ast,G+A,G-PK,G+A-PK,xG,npxG,xA,npxG+xA,xG,xA,xG+xA,npxG,npxG+xA,Matches
Gerard Moreno,es ESP,FW,Villarreal,29-342,1992,13,12,982,10.9,8,2,7,1,2,2,0,0.73,0.18,0.92,0.64,0.82,6.2,4.7,3.6,8.2,0.57,0.33,0.89,0.43,0.75,Matches
Tete Morente,es ESP,MF,Elche,25-101,1996,22,14,1161,12.9,2,3,2,0,0,3,0,0.16,0.23,0.39,0.16,0.39,2.4,2.4,2.1,4.4,0.18,0.16,0.34,0.18,0.34,Matches
Ilaix Moriba,gn GUI,MF,Valencia,19-055,2003,5,3,272,3.0,0,0,0,0,0,5,1,0.00,0.00,0.00,0.00,0.00,0.2,0.2,0.0,0.3,0.07,0.01,0.09,0.07,0.09,Matches
Manu Morlanes,es ESP,MF,Espanyol,23-062,1999,22,10,995,11.1,2,0,2,0,0,4,1,0.18,0.00,0.18,0.18,0.18,0.7,0.7,0.2,1.0,0.07,0.02,0.09,0.07,0.09,Matches
Loren Morón,es ESP,"FW,MF",Espanyol,28-075,1993,18,3,473,5.3,1,0,1,0,0,0,0,0.19,0.00,0.19,0.19,0.19,0.8,0.8,0.4,1.2,0.15,0.07,0.22,0.15,0.22,Matches
Loren Morón,es ESP,FW,Betis,28-075,1993,1,0,4,0.0,0,0,0,0,0,0,0,0.00,0.00,0.00,0.00,0.00,0.0,0.0,0.0,0.0,0.00,0.00,0.00,0.00,0.00,Matches
Cristhian Mosquera,co COL,DF,Valencia,17-261,2004,4,2,114,1.3,0,0,0,0,0,1,0,0.00,0.00,0.00,0.00,0.00,0.1,0.1,0.0,0.1,0.09,0.00,0.09,0.09,0.09,Matches
Toni Moya,es ESP,MF,Alavés,23-360,1998,24,16,1295,14.4,0,1,0,0,0,2,0,0.00,0.07,0.07,0.00,0.07,1.2,1.2,1.8,2.9,0.08,0.12,0.20,0.08,0.20,Matches
Iker Muniain,es ESP,MF,Athletic Club,29-086,1992,25,24,1920,21.3,3,7,2,1,2,2,0,0.14,0.33,0.47,0.09,0.42,5.3,3.7,6.0,9.7,0.25,0.28,0.53,0.18,0.46,Matches
Aihen Muñoz,es ESP,DF,Real Sociedad,24-211,1997,18,15,1322,14.7,0,0,0,0,0,4,1,0.00,0.00,0.00,0.00,0.00,0.2,0.1,0.5,0.6,0.01,0.03,0.05,0.01,0.04,Matches
Jeison Murillo,co COL,DF,Celta Vigo,29-292,1992,14,11,952,10.6,0,0,0,0,0,3,0,0.00,0.00,0.00,0.00,0.00,0.4,0.4,0.0,0.5,0.04,0.00,0.04,0.04,0.04,Matches
Vedat Muriqi,xk KVX,FW,Mallorca,27-325,1994,7,7,628,7.0,2,1,1,1,1,3,0,0.29,0.14,0.43,0.14,0.29,2.8,2.0,0.6,2.6,0.40,0.09,0.49,0.29,0.38,Matches
Yunus Musah,us USA,"MF,FW",Valencia,19-106,2002,21,9,957,10.6,1,0,1,0,0,5,0,0.09,0.00,0.09,0.09,0.09,0.3,0.3,1.1,1.4,0.03,0.10,0.13,0.03,0.13,Matches
Shkodran Mustafi,de GER,DF,Levante,29-332,1992,10,8,643,7.1,1,0,1,0,0,1,0,0.14,0.00,0.14,0.14,0.14,0.1,0.1,0.0,0.1,0.01,0.00,0.01,0.01,0.01,Matches
Nacho,es ESP,DF,Real Madrid,32-056,1990,19,11,1031,11.5,2,0,2,0,0,3,0,0.17,0.00,0.17,0.17,0.17,0.9,0.9,0.2,1.1,0.08,0.02,0.10,0.08,0.10,Matches
Roberto Navarro,es ESP,"MF,FW",Real Sociedad,19-337,2002,6,3,199,2.2,0,0,0,0,0,0,0,0.00,0.00,0.00,0.00,0.00,0.7,0.7,0.1,0.8,0.32,0.02,0.35,0.32,0.35,Matches
Ximo Navarro,es ESP,DF,Alavés,32-051,1990,10,9,716,8.0,0,0,0,0,0,4,0,0.00,0.00,0.00,0.00,0.00,0.2,0.2,0.2,0.5,0.03,0.03,0.06,0.03,0.06,Matches
Jesús Navas,es ESP,DF,Sevilla,36-114,1985,15,11,1086,12.1,0,2,0,0,0,2,0,0.00,0.17,0.17,0.00,0.17,0.2,0.2,3.5,3.6,0.01,0.29,0.30,0.01,0.30,Matches
Loum Ndiaye,sn SEN,MF,Alavés,25-075,1996,23,18,1619,18.0,2,0,2,0,0,5,0,0.11,0.00,0.11,0.11,0.11,2.0,2.0,0.1,2.1,0.11,0.01,0.12,0.11,0.12,Matches
Álvaro Negredo,es ESP,FW,Cádiz,36-207,1985,25,17,1526,17.0,6,1,4,2,2,2,0,0.35,0.06,0.41,0.24,0.29,4.7,3.2,1.1,4.4,0.28,0.07,0.35,0.19,0.26,Matches
Neto,br BRA,GK,Barcelona,32-239,1989,2,2,180,2.0,0,0,0,0,0,0,0,0.00,0.00,0.00,0.00,0.00,0.0,0.0,0.0,0.0,0.00,0.00,0.00,0.00,0.00,Matches
Carlos Neva,es ESP,DF,Granada,25-276,1996,25,23,2052,22.8,0,0,0,0,0,1,0,0.00,0.00,0.00,0.00,0.00,0.9,0.9,1.3,2.2,0.04,0.06,0.10,0.04,0.10,Matches
Saúl Ñíguez,es ESP,"DF,MF",Atlético Madrid,27-114,1994,3,2,201,2.2,0,1,0,0,0,0,0,0.00,0.45,0.45,0.00,0.45,0.4,0.4,0.1,0.5,0.16,0.05,0.21,0.16,0.21,Matches
Fernando Niño,es ESP,FW,Mallorca,21-142,2000,19,7,760,8.4,2,0,2,0,0,2,0,0.24,0.00,0.24,0.24,0.24,2.8,2.8,0.3,3.0,0.33,0.03,0.36,0.33,0.36,Matches
Peru Nolaskoain,es ESP,DF,Athletic Club,23-141,1998,1,0,1,0.0,0,0,0,0,0,0,0,0.00,0.00,0.00,0.00,0.00,0.0,0.0,0.0,0.0,0.00,0.00,0.00,0.00,0.00,Matches
Player,Nation,Pos,Squad,Age,Born,MP,Starts,Min,90s,Gls,Ast,G-PK,PK,PKatt,CrdY,CrdR,Gls,Ast,G+A,G-PK,G+A-PK,xG,npxG,xA,npxG+xA,xG,xA,xG+xA,npxG,npxG+xA,Matches
Nolito,es ESP,MF,Celta Vigo,35-151,1986,25,12,1071,11.9,1,0,1,0,0,2,0,0.08,0.00,0.08,0.08,0.08,2.1,2.1,0.7,2.8,0.18,0.06,0.23,0.18,0.23,Matches
Randy Ntekja,fr FRA,"FW,MF",Rayo Vallecano,24-099,1997,23,10,980,10.9,3,0,3,0,0,1,0,0.28,0.00,0.28,0.28,0.28,2.3,2.3,1.7,3.9,0.21,0.15,0.36,0.21,0.36,Matches
Unai Núñez,es ESP,DF,Athletic Club,25-044,1997,8,6,532,5.9,0,0,0,0,0,1,0,0.00,0.00,0.00,0.00,0.00,0.8,0.8,0.1,0.9,0.13,0.01,0.15,0.13,0.15,Matches
Allan Nyom,cm CMR,DF,Getafe,33-309,1988,5,3,244,2.7,0,0,0,0,0,1,0,0.00,0.00,0.00,0.00,0.00,0.0,0.0,0.1,0.1,0.00,0.04,0.04,0.00,0.04,Matches
Jan Oblak,si SVN,GK,Atlético Madrid,29-067,1993,28,28,2520,28.0,0,0,0,0,0,1,0,0.00,0.00,0.00,0.00,0.00,0.0,0.0,0.0,0.0,0.00,0.00,0.00,0.00,0.00,Matches
Lucas Ocampos,ar ARG,"FW,DF",Sevilla,27-247,1994,21,17,1587,17.6,5,2,5,0,0,6,0,0.28,0.11,0.40,0.28,0.40,4.1,4.1,0.8,5.0,0.23,0.05,0.28,0.23,0.28,Matches
Lucas Olaza,uy URU,MF,Elche,27-237,1994,1,0,5,0.1,0,0,0,0,0,1,0,0.00,0.00,0.00,0.00,0.00,0.0,0.0,0.0,0.0,0.00,0.81,0.81,0.00,0.81,Matches
Brian Oliván,es ESP,DF,Mallorca,27-348,1994,19,16,1486,16.5,1,0,1,0,1,5,0,0.06,0.00,0.06,0.06,0.06,2.1,1.3,1.8,3.1,0.13,0.11,0.23,0.08,0.19,Matches
Mathías Olivera,uy URU,DF,Getafe,24-135,1997,23,23,1993,22.1,1,2,1,0,0,6,0,0.05,0.09,0.14,0.05,0.14,1.5,1.5,2.2,3.8,0.07,0.10,0.17,0.07,0.17,Matches
Javier Ontiveros,es ESP,"MF,FW",Osasuna,24-187,1997,3,0,39,0.4,0,0,0,0,0,0,0,0.00,0.00,0.00,0.00,0.00,0.1,0.1,0.0,0.1,0.13,0.00,0.13,0.13,0.13,Matches
Pedro Ortiz,es ESP,MF,Sevilla,21-208,2000,1,0,7,0.1,0,0,0,0,0,0,0,0.00,0.00,0.00,0.00,0.00,0.4,0.4,0.4,0.7,4.70,4.92,9.63,4.70,9.63,Matches
Milutin Osmajić,me MNE,"FW,MF",Cádiz,22-233,1999,10,2,257,2.9,0,0,0,0,0,0,0,0.00,0.00,0.00,0.00,0.00,0.3,0.3,0.0,0.3,0.09,0.00,0.09,0.09,0.09,Matches
Jesús Owono,gq EQG,GK,Alavés,21-014,2001,1,1,90,1.0,0,0,0,0,0,0,0,0.00,0.00,0.00,0.00,0.00,0.0,0.0,0.0,0.0,0.00,0.00,0.00,0.00,0.00,Matches
Mikel Oyarzabal,es ESP,"FW,MF",Real Sociedad,24-328,1997,22,19,1671,18.6,9,3,5,4,5,0,1,0.48,0.16,0.65,0.27,0.43,9.1,5.3,3.4,8.7,0.49,0.18,0.67,0.29,0.47,Matches
Fernando Pacheco,es ESP,GK,Alavés,29-301,1992,25,25,2243,24.9,0,0,0,0,0,1,0,0.00,0.00,0.00,0.00,0.00,0.0,0.0,0.3,0.3,0.00,0.01,0.01,0.00,0.01,Matches
Jon Pacheco,es ESP,DF,Real Sociedad,21-066,2001,9,4,374,4.2,0,0,0,0,0,1,0,0.00,0.00,0.00,0.00,0.00,0.0,0.0,0.0,0.0,0.00,0.00,0.00,0.00,0.00,Matches
Gavi Paez,es ESP,"MF,FW",Barcelona,17-222,2004,23,20,1557,17.3,2,4,2,0,0,7,1,0.12,0.23,0.35,0.12,0.35,2.7,2.7,2.7,5.4,0.16,0.15,0.31,0.16,0.31,Matches
Helibelton Palacios,co COL,DF,Elche,28-279,1993,21,17,1549,17.2,0,0,0,0,0,4,0,0.00,0.00,0.00,0.00,0.00,0.0,0.0,0.2,0.2,0.00,0.01,0.01,0.00,0.01,Matches
Isaac Palazón Camacho,es ESP,"FW,MF",Rayo Vallecano,27-078,1994,26,20,1702,18.9,2,1,2,0,0,5,0,0.11,0.05,0.16,0.11,0.16,2.4,2.4,1.4,3.8,0.13,0.07,0.20,0.13,0.20,Matches
Daniel Parejo,es ESP,MF,Villarreal,32-333,1989,24,23,2017,22.4,2,6,1,1,1,2,0,0.09,0.27,0.36,0.04,0.31,1.6,0.8,5.2,6.0,0.07,0.23,0.30,0.04,0.27,Matches
Raúl Parra,es ESP,DF,Cádiz,22-109,1999,1,0,13,0.1,0,0,0,0,0,0,0,0.00,0.00,0.00,0.00,0.00,0.0,0.0,0.0,0.0,0.00,0.00,0.00,0.00,0.00,Matches
Javier Pastore,ar ARG,"MF,FW",Elche,32-268,1989,10,5,419,4.7,0,0,0,0,0,2,1,0.00,0.00,0.00,0.00,0.00,0.3,0.3,0.5,0.8,0.07,0.11,0.17,0.07,0.17,Matches
Gabriel Paulista,br BRA,DF,Valencia,31-109,1990,14,14,1195,13.3,2,1,2,0,0,1,0,0.15,0.08,0.23,0.15,0.23,0.9,0.9,0.1,1.0,0.06,0.01,0.07,0.06,0.07,Matches
Alfonso Pedraza,es ESP,DF,Villarreal,25-340,1996,19,12,1092,12.1,0,3,0,0,0,1,0,0.00,0.25,0.25,0.00,0.25,0.8,0.8,2.2,3.0,0.06,0.18,0.24,0.06,0.24,Matches
Pedri,es ESP,MF,Barcelona,19-110,2002,9,8,675,7.5,1,1,1,0,0,0,0,0.13,0.13,0.27,0.13,0.27,0.8,0.8,1.0,1.8,0.11,0.14,0.24,0.11,0.24,Matches
Player,Nation,Pos,Squad,Age,Born,MP,Starts,Min,90s,Gls,Ast,G-PK,PK,PKatt,CrdY,CrdR,Gls,Ast,G+A,G-PK,G+A-PK,xG,npxG,xA,npxG+xA,xG,xA,xG+xA,npxG,npxG+xA,Matches
Pedrosa,es ESP,DF,Espanyol,23-306,1998,26,26,2274,25.3,1,1,1,0,0,7,0,0.04,0.04,0.08,0.04,0.08,1.1,1.1,1.7,2.7,0.04,0.07,0.11,0.04,0.11,Matches
Facundo Pellistri,uy URU,"MF,FW",Alavés,20-085,2001,18,6,603,6.7,0,0,0,0,0,0,0,0.00,0.00,0.00,0.00,0.00,0.7,0.7,0.4,1.0,0.10,0.05,0.15,0.10,0.15,Matches
Rubén Peña,es ESP,"MF,FW",Villarreal,30-240,1991,6,1,124,1.4,0,0,0,0,0,1,0,0.00,0.00,0.00,0.00,0.00,0.2,0.2,1.1,1.3,0.18,0.77,0.94,0.18,0.94,Matches
Alberto Perea,es ESP,MF,Cádiz,31-086,1990,17,8,776,8.6,0,1,0,0,0,2,0,0.00,0.12,0.12,0.00,0.12,0.9,0.9,0.6,1.5,0.10,0.07,0.18,0.10,0.18,Matches
Victor Perea,es ESP,DF,Espanyol,21-348,2000,1,0,4,0.0,0,0,0,0,0,0,0,0.00,0.00,0.00,0.00,0.00,0.0,0.0,0.0,0.0,0.00,0.00,0.00,0.00,0.00,Matches
Iñigo Pérez,es ESP,MF,Osasuna,34-056,1988,6,2,181,2.0,1,0,1,0,0,0,0,0.50,0.00,0.50,0.50,0.50,0.1,0.1,0.0,0.1,0.04,0.00,0.04,0.04,0.04,Matches
Juan Pérez,es ESP,GK,Osasuna,25-243,1996,1,1,90,1.0,0,0,0,0,0,0,0,0.00,0.00,0.00,0.00,0.00,0.0,0.0,0.0,0.0,0.00,0.00,0.00,0.00,0.00,Matches
Kike Pérez,es ESP,MF,Elche,25-029,1997,3,0,52,0.6,0,0,0,0,0,0,0,0.00,0.00,0.00,0.00,0.00,0.0,0.0,1.0,1.0,0.00,1.64,1.64,0.00,1.64,Matches
Lucas Pérez,es ESP,FW,Elche,33-186,1988,18,16,1266,14.1,2,1,2,0,0,0,0,0.14,0.07,0.21,0.14,0.21,2.5,2.5,1.3,3.8,0.18,0.09,0.27,0.18,0.27,Matches
Lucas Pérez,es ESP,"FW,MF",Cádiz,33-186,1988,5,3,306,3.4,0,0,0,0,0,1,0,0.00,0.00,0.00,0.00,0.00,0.5,0.5,0.3,0.7,0.13,0.08,0.21,0.13,0.21,Matches
Njegoš Petrović,rs SRB,MF,Granada,22-240,1999,6,2,246,2.7,0,0,0,0,0,1,0,0.00,0.00,0.00,0.00,0.00,0.3,0.3,0.0,0.3,0.11,0.01,0.12,0.11,0.12,Matches
Alex Petxa,es ESP,"DF,MF",Athletic Club,25-037,1997,9,0,120,1.3,0,0,0,0,0,1,0,0.00,0.00,0.00,0.00,0.00,0.0,0.0,0.0,0.0,0.00,0.00,0.00,0.00,0.00,Matches
Germán Pezzella,ar ARG,DF,Betis,30-261,1991,14,13,1188,13.2,1,0,1,0,0,4,1,0.08,0.00,0.08,0.08,0.08,0.5,0.5,0.0,0.5,0.04,0.00,0.04,0.04,0.04,Matches
Pablo Piatti,ar ARG,"MF,FW",Elche,32-349,1989,6,2,205,2.3,0,0,0,0,0,0,0,0.00,0.00,0.00,0.00,0.00,0.1,0.1,0.4,0.5,0.03,0.19,0.21,0.03,0.21,Matches
Cristiano Piccini,it ITA,DF,Valencia,29-170,1992,6,3,322,3.6,1,0,1,0,0,1,0,0.28,0.00,0.28,0.28,0.28,0.1,0.1,0.2,0.3,0.03,0.05,0.08,0.03,0.08,Matches
Tomás Pina Isla,es ESP,MF,Alavés,34-152,1987,22,14,1254,13.9,0,0,0,0,0,3,0,0.00,0.00,0.00,0.00,0.00,0.4,0.4,0.0,0.4,0.03,0.00,0.03,0.03,0.03,Matches
Orbelín Pineda,mx MEX,MF,Celta Vigo,25-356,1996,2,0,31,0.3,0,0,0,0,0,0,0,0.00,0.00,0.00,0.00,0.00,0.5,0.5,0.0,0.5,1.45,0.00,1.45,1.45,1.45,Matches
Yeremi Pino,es ESP,"MF,FW",Villarreal,19-146,2002,26,18,1440,16.0,6,4,6,0,0,2,0,0.37,0.25,0.62,0.37,0.62,5.6,5.6,2.8,8.4,0.35,0.18,0.52,0.35,0.52,Matches
Gerard Piqué,es ESP,DF,Barcelona,35-041,1987,23,21,1804,20.0,1,0,1,0,0,9,1,0.05,0.00,0.05,0.05,0.05,2.0,2.0,0.1,2.0,0.10,0.00,0.10,0.10,0.10,Matches
Ezequiel Ponce,ar ARG,FW,Elche,24-351,1997,4,1,154,1.7,1,0,1,0,0,1,0,0.58,0.00,0.58,0.58,0.58,1.5,1.5,0.2,1.7,0.88,0.13,1.01,0.88,1.01,Matches
Pere Pons,es ESP,MF,Alavés,29-023,1993,20,14,1122,12.5,1,0,1,0,0,1,0,0.08,0.00,0.08,0.08,0.08,2.0,2.0,0.6,2.5,0.16,0.05,0.20,0.16,0.20,Matches
Portu,es ESP,"FW,MF",Real Sociedad,29-298,1992,27,14,1303,14.5,0,2,0,0,0,3,0,0.00,0.14,0.14,0.00,0.14,1.9,1.9,1.5,3.4,0.13,0.10,0.23,0.13,0.23,Matches
Sergio Postigo,es ESP,DF,Levante,33-131,1988,6,4,388,4.3,0,0,0,0,0,1,0,0.00,0.00,0.00,0.00,0.00,0.1,0.1,0.1,0.2,0.02,0.03,0.05,0.02,0.05,Matches
Darío Poveda,es ESP,"FW,MF",Getafe,25-002,1997,15,3,380,4.2,1,0,1,0,0,0,0,0.24,0.00,0.24,0.24,0.24,0.2,0.2,0.1,0.3,0.04,0.03,0.07,0.04,0.07,Matches
José Pozo,es ESP,MF,Rayo Vallecano,26-000,1996,5,0,72,0.8,0,0,0,0,0,0,0,0.00,0.00,0.00,0.00,0.00,0.1,0.1,0.3,0.5,0.16,0.43,0.60,0.16,0.60,Matches
Player,Nation,Pos,Squad,Age,Born,MP,Starts,Min,90s,Gls,Ast,G-PK,PK,PKatt,CrdY,CrdR,Gls,Ast,G+A,G-PK,G+A-PK,xG,npxG,xA,npxG+xA,xG,xA,xG+xA,npxG,npxG+xA,Matches
Abdón Prats,es ESP,FW,Mallorca,29-098,1992,18,4,434,4.8,1,0,1,0,0,3,0,0.21,0.00,0.21,0.21,0.21,1.6,1.6,0.2,1.7,0.32,0.04,0.36,0.32,0.36,Matches
Javi Puado,es ESP,"MF,FW",Espanyol,23-294,1998,21,17,1475,16.4,4,1,4,0,0,5,0,0.24,0.06,0.31,0.24,0.31,3.2,3.2,1.0,4.2,0.20,0.06,0.26,0.20,0.26,Matches
Pubill,es ESP,DF,Levante,18-268,2003,6,4,343,3.8,0,0,0,0,0,0,0,0.00,0.00,0.00,0.00,0.00,1.0,1.0,0.0,1.0,0.25,0.00,0.26,0.25,0.26,Matches
Antonio Puertas,es ESP,"MF,FW",Granada,30-022,1992,24,17,1579,17.5,4,1,4,0,0,3,0,0.23,0.06,0.28,0.23,0.28,2.8,2.8,0.7,3.5,0.16,0.04,0.20,0.16,0.20,Matches
Riqui Puig,es ESP,MF,Barcelona,22-214,1999,11,1,320,3.6,1,0,1,0,0,0,0,0.28,0.00,0.28,0.28,0.28,0.7,0.7,0.2,0.9,0.18,0.06,0.25,0.18,0.25,Matches
Yacine Qasmi,ma MAR,MF,Rayo Vallecano,31-071,1991,1,0,4,0.0,0,0,0,0,0,0,0,0.00,0.00,0.00,0.00,0.00,0.0,0.0,0.0,0.0,0.00,0.00,0.00,0.00,0.00,Matches
Quini,es ESP,DF,Granada,32-172,1989,23,19,1595,17.7,0,0,0,0,0,8,0,0.00,0.00,0.00,0.00,0.00,0.4,0.4,1.1,1.5,0.02,0.06,0.08,0.02,0.08,Matches
Dani Raba,es ESP,MF,Granada,26-137,1995,1,0,20,0.2,0,0,0,0,0,0,0,0.00,0.00,0.00,0.00,0.00,0.0,0.0,0.0,0.0,0.00,0.00,0.00,0.00,0.00,Matches
Dani Raba,es ESP,"MF,FW",Villarreal,26-137,1995,7,0,89,1.0,0,0,0,0,0,1,0,0.00,0.00,0.00,0.00,0.00,0.0,0.0,0.3,0.3,0.00,0.27,0.27,0.00,0.27,Matches
Uroš Račić,rs SRB,MF,Valencia,23-363,1998,19,8,762,8.5,0,0,0,0,0,3,1,0.00,0.00,0.00,0.00,0.00,0.4,0.4,0.4,0.7,0.04,0.04,0.09,0.04,0.09,Matches
Nemanja Radoja,rs SRB,MF,Levante,29-037,1993,11,9,649,7.2,0,0,0,0,0,1,0,0.00,0.00,0.00,0.00,0.00,0.0,0.0,0.0,0.0,0.00,0.00,0.00,0.00,0.00,Matches
Rafinha,br BRA,"MF,FW",Real Sociedad,29-031,1993,7,4,397,4.4,1,0,1,0,0,0,0,0.23,0.00,0.23,0.23,0.23,0.8,0.8,0.2,1.0,0.18,0.05,0.23,0.18,0.23,Matches
Antonio Raillo,es ESP,DF,Mallorca,30-158,1991,8,8,720,8.0,0,0,0,0,0,4,0,0.00,0.00,0.00,0.00,0.00,0.3,0.3,0.0,0.3,0.03,0.00,0.03,0.03,0.03,Matches
Ivan Rakitić,hr CRO,MF,Sevilla,34-005,1988,25,19,1609,17.9,3,3,2,1,2,5,0,0.17,0.17,0.34,0.11,0.28,3.3,1.8,1.6,3.3,0.18,0.09,0.27,0.10,0.19,Matches
Jonás Ramalho,es ESP,DF,Osasuna,28-278,1993,1,1,90,1.0,0,0,0,0,0,0,0,0.00,0.00,0.00,0.00,0.00,0.0,0.0,0.0,0.0,0.00,0.00,0.00,0.00,0.00,Matches
Sandro Ramírez,es ESP,FW,Getafe,26-249,1995,20,16,1163,12.9,3,0,3,0,0,6,0,0.23,0.00,0.23,0.23,0.23,2.6,2.6,0.8,3.4,0.20,0.06,0.26,0.20,0.26,Matches
Lluís Recasens,es ESP,DF,Espanyol,20-105,2001,1,0,45,0.5,0,0,0,0,0,0,0,0.00,0.00,0.00,0.00,0.00,0.0,0.0,0.0,0.0,0.00,0.00,0.00,0.00,0.00,Matches
Manolo Reina,es ESP,GK,Mallorca,36-348,1985,18,18,1620,18.0,0,0,0,0,0,4,1,0.00,0.00,0.00,0.00,0.00,0.0,0.0,0.3,0.3,0.00,0.02,0.02,0.00,0.02,Matches
Karim Rekik,nl NED,DF,Sevilla,27-103,1994,15,10,956,10.6,0,2,0,0,0,2,0,0.00,0.19,0.19,0.00,0.19,0.4,0.4,0.3,0.7,0.04,0.03,0.07,0.04,0.07,Matches
Álex Remiro,es ESP,GK,Real Sociedad,26-356,1995,25,25,2250,25.0,0,0,0,0,0,1,0,0.00,0.00,0.00,0.00,0.00,0.0,0.0,0.0,0.0,0.00,0.00,0.00,0.00,0.00,Matches
Nico Ribaudo,es ESP,"MF,FW",Espanyol,20-338,2001,25,5,863,9.6,1,0,1,0,0,5,1,0.10,0.00,0.10,0.10,0.10,0.7,0.7,1.3,2.0,0.08,0.13,0.21,0.08,0.21,Matches
Diego Rico,es ESP,DF,Real Sociedad,29-020,1993,11,9,764,8.5,0,0,0,0,0,2,0,0.00,0.00,0.00,0.00,0.00,0.0,0.0,0.3,0.3,0.00,0.03,0.04,0.00,0.04,Matches
Sergio Rico,es ESP,GK,Mallorca,28-195,1993,7,7,630,7.0,0,0,0,0,0,0,0,0.00,0.00,0.00,0.00,0.00,0.0,0.0,0.0,0.0,0.00,0.00,0.00,0.00,0.00,Matches
Luis Rioja,es ESP,"MF,FW",Alavés,28-150,1993,28,27,2341,26.0,1,2,1,0,0,3,0,0.04,0.08,0.12,0.04,0.12,2.8,2.8,2.8,5.6,0.11,0.11,0.22,0.11,0.22,Matches
Rober,es ESP,DF,Levante,27-027,1995,18,12,1214,13.5,1,0,1,0,0,4,1,0.07,0.00,0.07,0.07,0.07,0.9,0.9,0.2,1.1,0.07,0.01,0.08,0.07,0.08,Matches
Player,Nation,Pos,Squad,Age,Born,MP,Starts,Min,90s,Gls,Ast,G-PK,PK,PKatt,CrdY,CrdR,Gls,Ast,G+A,G-PK,G+A-PK,xG,npxG,xA,npxG+xA,xG,xA,xG+xA,npxG,npxG+xA,Matches
Sergi Roberto,es ESP,"MF,DF",Barcelona,30-036,1992,9,4,400,4.4,2,1,2,0,0,1,0,0.45,0.23,0.68,0.45,0.68,1.6,1.6,0.3,2.0,0.36,0.08,0.44,0.36,0.44,Matches
Rubén Rochina,es ESP,"MF,FW",Granada,30-357,1991,15,8,743,8.3,1,3,1,0,0,3,0,0.12,0.36,0.48,0.12,0.48,0.6,0.6,0.7,1.3,0.07,0.08,0.16,0.07,0.16,Matches
Enzo Roco,cl CHI,DF,Elche,29-211,1992,22,21,1854,20.6,1,0,1,0,0,9,0,0.05,0.00,0.05,0.05,0.05,1.0,1.0,0.1,1.1,0.05,0.00,0.05,0.05,0.05,Matches
Rodrigo,es ESP,FW,Betis,21-303,2000,16,9,755,8.4,1,1,1,0,0,0,0,0.12,0.12,0.24,0.12,0.24,1.2,1.2,1.2,2.4,0.15,0.14,0.28,0.15,0.28,Matches
Kévin Rodrigues,pt POR,"DF,FW",Rayo Vallecano,28-010,1994,9,3,268,3.0,0,0,0,0,0,0,0,0.00,0.00,0.00,0.00,0.00,0.0,0.0,0.0,0.1,0.01,0.01,0.02,0.01,0.02,Matches
Óscar Rodríguez Arnaiz,es ESP,"MF,FW",Getafe,23-260,1998,8,4,427,4.7,0,0,0,0,0,1,0,0.00,0.00,0.00,0.00,0.00,0.6,0.6,0.3,0.9,0.13,0.06,0.19,0.13,0.19,Matches
Óscar Rodríguez Arnaiz,es ESP,"FW,MF",Sevilla,23-260,1998,11,4,417,4.6,0,0,0,0,0,1,0,0.00,0.00,0.00,0.00,0.00,0.8,0.8,1.2,2.1,0.18,0.26,0.44,0.18,0.44,Matches
Ángel Rodríguez,es ESP,"FW,MF",Mallorca,34-323,1987,21,14,1109,12.3,2,2,2,0,0,4,0,0.16,0.16,0.32,0.16,0.32,3.8,3.8,1.1,4.9,0.31,0.09,0.40,0.31,0.40,Matches
Dani Rodríguez,es ESP,"FW,MF",Mallorca,33-282,1988,26,26,2236,24.8,3,2,3,0,0,5,0,0.12,0.08,0.20,0.12,0.20,2.5,2.5,2.0,4.5,0.10,0.08,0.18,0.10,0.18,Matches
Guido Rodríguez,ar ARG,MF,Betis,27-337,1994,23,20,1719,19.1,1,2,1,0,0,8,1,0.05,0.10,0.16,0.05,0.16,0.8,0.8,0.3,1.1,0.04,0.02,0.06,0.04,0.06,Matches
Rodrygo,br BRA,FW,Real Madrid,21-065,2001,22,8,786,8.7,0,1,0,0,0,4,0,0.00,0.11,0.11,0.00,0.11,1.6,1.6,0.6,2.2,0.17,0.06,0.23,0.17,0.23,Matches
Leonardo Román,es ESP,GK,Mallorca,21-252,2000,2,2,180,2.0,0,0,0,0,0,0,0,0.00,0.00,0.00,0.00,0.00,0.0,0.0,0.0,0.0,0.00,0.00,0.00,0.00,0.00,Matches
Iván Romero,es ESP,FW,Sevilla,20-339,2001,4,2,170,1.9,0,0,0,0,0,0,0,0.00,0.00,0.00,0.00,0.00,0.5,0.5,0.0,0.5,0.28,0.00,0.28,0.28,0.28,Matches
Rubén,es ESP,DF,Espanyol,21-039,2001,2,0,18,0.2,0,0,0,0,0,0,0,0.00,0.00,0.00,0.00,0.00,0.0,0.0,0.0,0.0,0.00,0.00,0.00,0.00,0.00,Matches
Aitor Ruibal,es ESP,"FW,DF",Betis,25-358,1996,16,7,678,7.5,0,0,0,0,0,5,0,0.00,0.00,0.00,0.00,0.00,1.0,1.0,0.3,1.3,0.13,0.04,0.17,0.13,0.17,Matches
Isma Ruiz,es ESP,MF,Granada,21-029,2001,7,3,272,3.0,0,0,0,0,0,1,0,0.00,0.00,0.00,0.00,0.00,0.1,0.1,0.1,0.2,0.02,0.03,0.06,0.02,0.06,Matches
Víctor Ruiz,es ESP,DF,Betis,33-049,1989,16,15,1244,13.8,0,0,0,0,0,2,0,0.00,0.00,0.00,0.00,0.00,0.4,0.4,0.1,0.6,0.03,0.01,0.04,0.03,0.04,Matches
Gerónimo Rulli,ar ARG,GK,Villarreal,29-299,1992,25,25,2250,25.0,0,0,0,0,0,1,0,0.00,0.00,0.00,0.00,0.00,0.0,0.0,0.0,0.0,0.00,0.00,0.00,0.00,0.00,Matches
Franco Russo,ar ARG,DF,Mallorca,27-141,1994,15,15,1300,14.4,1,0,1,0,0,5,1,0.07,0.00,0.07,0.07,0.07,0.2,0.2,0.0,0.2,0.01,0.00,0.01,0.01,0.01,Matches
Mathew Ryan,au AUS,GK,Real Sociedad,29-341,1992,3,3,270,3.0,0,0,0,0,0,0,0,0.00,0.00,0.00,0.00,0.00,0.0,0.0,0.0,0.0,0.00,0.00,0.00,0.00,0.00,Matches
Youssouf Sabaly,sn SEN,DF,Betis,29-010,1993,3,3,270,3.0,0,1,0,0,0,0,0,0.00,0.33,0.33,0.00,0.33,0.0,0.0,0.1,0.1,0.01,0.04,0.04,0.01,0.04,Matches
Salvi,es ESP,MF,Cádiz,30-350,1991,20,16,1317,14.6,2,1,2,0,1,3,1,0.14,0.07,0.21,0.14,0.21,3.0,2.2,1.4,3.6,0.20,0.09,0.30,0.15,0.24,Matches
Fede San Emeterio,es ESP,MF,Cádiz,24-364,1997,6,6,496,5.5,0,0,0,0,0,1,0,0.00,0.00,0.00,0.00,0.00,0.0,0.0,0.4,0.4,0.00,0.08,0.08,0.00,0.08,Matches
Oihan Sancet,es ESP,FW,Athletic Club,21-324,2000,23,13,1211,13.5,6,4,6,0,0,1,0,0.45,0.30,0.74,0.45,0.74,2.2,2.2,1.9,4.1,0.16,0.14,0.31,0.16,0.31,Matches
Antonio Sánchez,es ESP,"MF,FW",Mallorca,25-073,1997,19,12,1056,11.7,1,0,1,0,0,1,1,0.09,0.00,0.09,0.09,0.09,1.0,1.0,0.2,1.2,0.09,0.02,0.11,0.09,0.11,Matches
Player,Nation,Pos,Squad,Age,Born,MP,Starts,Min,90s,Gls,Ast,G-PK,PK,PKatt,CrdY,CrdR,Gls,Ast,G+A,G-PK,G+A-PK,xG,npxG,xA,npxG+xA,xG,xA,xG+xA,npxG,npxG+xA,Matches
Germán Sánchez,es ESP,DF,Granada,35-135,1986,22,20,1745,19.4,2,0,2,0,0,7,0,0.10,0.00,0.10,0.10,0.10,1.1,1.1,0.0,1.1,0.05,0.00,0.05,0.05,0.05,Matches
Juan Sánchez,es ESP,MF,Sevilla,18-212,2003,1,0,5,0.1,0,0,0,0,0,1,0,0.00,0.00,0.00,0.00,0.00,0.0,0.0,0.0,0.0,0.00,0.00,0.00,0.00,0.00,Matches
Manuel Sánchez,es ESP,DF,Osasuna,21-203,2000,25,19,1698,18.9,1,2,1,0,0,5,0,0.05,0.11,0.16,0.05,0.16,0.3,0.3,1.0,1.3,0.02,0.05,0.07,0.02,0.07,Matches
Oier Sanjurjo,es ESP,MF,Osasuna,35-294,1986,18,5,481,5.3,0,0,0,0,0,2,0,0.00,0.00,0.00,0.00,0.00,0.4,0.4,0.2,0.6,0.08,0.04,0.12,0.08,0.12,Matches
Sergio Santos,es ESP,DF,Real Madrid,21-071,2001,1,0,11,0.1,0,0,0,0,0,0,0,0.00,0.00,0.00,0.00,0.00,0.0,0.0,0.0,0.0,0.00,0.32,0.32,0.00,0.32,Matches
Alvaro Sanz,es ESP,MF,Barcelona,21-029,2001,2,0,29,0.3,0,0,0,0,0,0,0,0.00,0.00,0.00,0.00,0.00,0.0,0.0,0.0,0.0,0.00,0.05,0.05,0.00,0.05,Matches
Joan Sastre Vanrell,es ESP,DF,Mallorca,24-319,1997,7,2,258,2.9,0,0,0,0,0,1,0,0.00,0.00,0.00,0.00,0.00,0.0,0.0,0.0,0.0,0.02,0.00,0.02,0.02,0.02,Matches
Esteban Saveljich,me MNE,DF,Rayo Vallecano,30-299,1991,21,21,1700,18.9,0,0,0,0,0,4,0,0.00,0.00,0.00,0.00,0.00,0.8,0.8,0.3,1.1,0.04,0.01,0.06,0.04,0.06,Matches
Stefan Savić,me MNE,DF,Atlético Madrid,31-066,1991,19,19,1630,18.1,0,0,0,0,0,6,0,0.00,0.00,0.00,0.00,0.00,1.3,1.3,0.1,1.4,0.07,0.00,0.08,0.07,0.08,Matches
Valentino Scotta,es ESP,DF,Sevilla,20-217,2001,1,0,1,0.0,0,0,0,0,0,0,0,0.00,0.00,0.00,0.00,0.00,0.0,0.0,0.0,0.0,0.00,0.00,0.00,0.00,0.00,Matches
Aleksandar Sedlar,rs SRB,"DF,MF",Mallorca,30-092,1991,10,3,404,4.5,0,0,0,0,0,5,1,0.00,0.00,0.00,0.00,0.00,0.0,0.0,0.0,0.0,0.00,0.01,0.01,0.00,0.01,Matches
Javier Serrano,es ESP,MF,Atlético Madrid,19-058,2003,4,0,23,0.3,0,0,0,0,0,1,1,0.00,0.00,0.00,0.00,0.00,0.0,0.0,0.0,0.0,0.00,0.00,0.00,0.00,0.00,Matches
Nicolás Serrano,es ESP,MF,Athletic Club,19-010,2003,11,3,291,3.2,1,0,1,0,0,0,0,0.31,0.00,0.31,0.31,0.31,0.4,0.4,0.1,0.5,0.13,0.02,0.15,0.13,0.15,Matches
Salva Sevilla,es ESP,MF,Mallorca,37-362,1984,19,11,967,10.7,4,2,0,4,4,0,0,0.37,0.19,0.56,0.00,0.19,3.7,0.7,2.1,2.8,0.34,0.20,0.54,0.06,0.26,Matches
David Silva,es ESP,MF,Real Sociedad,36-066,1986,18,16,1168,13.0,1,1,1,0,0,2,0,0.08,0.08,0.15,0.08,0.15,1.5,1.5,2.0,3.5,0.12,0.15,0.27,0.12,0.27,Matches
Jonathan Silva,ar ARG,"DF,MF",Getafe,27-259,1994,9,1,226,2.5,0,0,0,0,0,4,0,0.00,0.00,0.00,0.00,0.00,0.0,0.0,0.1,0.1,0.01,0.04,0.05,0.01,0.05,Matches
Rui Silva,pt POR,GK,Betis,28-036,1994,17,17,1530,17.0,0,0,0,0,0,2,0,0.00,0.00,0.00,0.00,0.00,0.0,0.0,0.0,0.0,0.00,0.00,0.00,0.00,0.00,Matches
Unai Simón,es ESP,GK,Athletic Club,24-277,1997,24,24,2160,24.0,0,0,0,0,0,2,0,0.00,0.00,0.00,0.00,0.00,0.0,0.0,0.0,0.0,0.00,0.00,0.00,0.00,0.00,Matches
Antonio Sivera,es ESP,GK,Alavés,25-216,1996,3,2,187,2.1,0,0,0,0,0,1,0,0.00,0.00,0.00,0.00,0.00,0.0,0.0,0.0,0.0,0.00,0.00,0.00,0.00,0.00,Matches
Rubén Sobrino,es ESP,"FW,MF",Cádiz,29-287,1992,23,14,1326,14.7,0,1,0,0,0,3,0,0.00,0.07,0.07,0.00,0.07,2.6,2.5,1.1,3.7,0.17,0.08,0.25,0.17,0.25,Matches
Rubén Sobrino,es ESP,MF,Valencia,29-287,1992,1,0,14,0.2,0,0,0,0,0,0,0,0.00,0.00,0.00,0.00,0.00,0.0,0.0,0.0,0.0,0.00,0.00,0.00,0.00,0.00,Matches
Alex Sola,es ESP,"DF,FW",Real Sociedad,22-279,1999,2,0,41,0.5,0,0,0,0,0,0,0,0.00,0.00,0.00,0.00,0.00,0.1,0.1,0.1,0.2,0.20,0.18,0.38,0.20,0.38,Matches
Augusto Solari,ar ARG,"MF,DF",Celta Vigo,30-071,1992,19,2,516,5.7,0,0,0,0,0,4,0,0.00,0.00,0.00,0.00,0.00,0.4,0.4,0.2,0.6,0.06,0.04,0.10,0.06,0.10,Matches
Roberto Soldado,es ESP,FW,Levante,36-292,1985,13,7,578,6.4,1,1,1,0,0,6,2,0.16,0.16,0.31,0.16,0.31,1.4,1.4,0.4,1.8,0.22,0.07,0.28,0.22,0.28,Matches
Carlos Soler,es ESP,MF,Valencia,25-072,1997,22,19,1695,18.8,9,4,3,6,6,4,0,0.48,0.21,0.69,0.16,0.37,7.1,2.5,2.8,5.3,0.38,0.15,0.52,0.13,0.28,Matches
Player,Nation,Pos,Squad,Age,Born,MP,Starts,Min,90s,Gls,Ast,G-PK,PK,PKatt,CrdY,CrdR,Gls,Ast,G+A,G-PK,G+A-PK,xG,npxG,xA,npxG+xA,xG,xA,xG+xA,npxG,npxG+xA,Matches
Son,es ESP,DF,Levante,27-350,1994,17,14,1248,13.9,1,0,1,0,0,3,1,0.07,0.00,0.07,0.07,0.07,0.7,0.7,0.6,1.3,0.05,0.04,0.09,0.05,0.09,Matches
David Soria,es ESP,GK,Getafe,28-345,1993,28,28,2514,27.9,0,0,0,0,0,3,0,0.00,0.00,0.00,0.00,0.00,0.0,0.0,0.0,0.0,0.00,0.00,0.00,0.00,0.00,Matches
Alberto Soro,es ESP,"MF,FW",Granada,23-006,1999,12,7,530,5.9,0,0,0,0,0,0,0,0.00,0.00,0.00,0.00,0.00,0.5,0.5,0.6,1.1,0.09,0.10,0.18,0.09,0.18,Matches
Hugo Sotelo,es ESP,MF,Celta Vigo,18-086,2003,1,0,2,0.0,0,0,0,0,0,0,0,0.00,0.00,0.00,0.00,0.00,0.0,0.0,0.0,0.0,0.00,0.00,0.00,0.00,0.00,Matches
Damián Suárez,uy URU,"DF,MF",Getafe,33-322,1988,25,23,2046,22.7,0,3,0,0,0,10,0,0.00,0.13,0.13,0.00,0.13,0.5,0.5,2.6,3.1,0.02,0.11,0.14,0.02,0.14,Matches
Denis Suárez,es ESP,MF,Celta Vigo,28-068,1994,28,24,2017,22.4,3,2,3,0,0,4,0,0.13,0.09,0.22,0.13,0.22,1.6,1.6,2.8,4.4,0.07,0.12,0.20,0.07,0.20,Matches
Luis Suárez,uy URU,FW,Atlético Madrid,35-050,1987,27,17,1523,16.9,9,2,8,1,2,7,0,0.53,0.12,0.65,0.47,0.59,7.6,6.1,1.3,7.3,0.45,0.08,0.52,0.36,0.43,Matches
Mario Suárez,es ESP,DF,Rayo Vallecano,35-019,1987,7,4,374,4.2,0,0,0,0,0,0,0,0.00,0.00,0.00,0.00,0.00,0.3,0.3,0.0,0.3,0.06,0.01,0.07,0.06,0.07,Matches
Suso,es ESP,FW,Sevilla,28-116,1993,8,6,384,4.3,0,1,0,0,0,0,0,0.00,0.23,0.23,0.00,0.23,0.2,0.2,0.4,0.6,0.05,0.09,0.14,0.05,0.14,Matches
Mamadou Sylla,sn SEN,FW,Alavés,27-360,1994,13,4,394,4.4,0,0,0,0,0,1,0,0.00,0.00,0.00,0.00,0.00,0.2,0.2,0.1,0.3,0.05,0.02,0.07,0.05,0.07,Matches
Mamadou Sylla,sn SEN,"FW,MF",Rayo Vallecano,27-360,1994,6,1,171,1.9,0,0,0,0,0,1,0,0.00,0.00,0.00,0.00,0.00,0.5,0.5,0.0,0.5,0.25,0.00,0.25,0.25,0.25,Matches
Alexander Sørloth,no NOR,FW,Real Sociedad,26-100,1995,23,10,916,10.2,1,0,1,0,0,1,0,0.10,0.00,0.10,0.10,0.10,3.2,3.2,1.3,4.6,0.32,0.13,0.45,0.32,0.45,Matches
Tachi,es ESP,DF,Alavés,24-186,1997,5,2,239,2.7,0,0,0,0,0,1,0,0.00,0.00,0.00,0.00,0.00,0.0,0.0,0.1,0.1,0.00,0.03,0.03,0.00,0.03,Matches
Renato Tapia,pe PER,MF,Celta Vigo,26-230,1995,22,12,1178,13.1,0,0,0,0,0,8,0,0.00,0.00,0.00,0.00,0.00,0.5,0.5,0.1,0.6,0.04,0.01,0.05,0.04,0.05,Matches
Cristian Tello,es ESP,"FW,MF",Betis,30-216,1991,19,4,724,8.0,1,2,1,0,0,2,0,0.12,0.25,0.37,0.12,0.37,1.6,1.6,2.0,3.6,0.20,0.24,0.45,0.20,0.45,Matches
Nahuel Tenaglia,ar ARG,DF,Alavés,26-022,1996,6,5,487,5.4,0,0,0,0,0,1,0,0.00,0.00,0.00,0.00,0.00,0.2,0.2,0.1,0.3,0.03,0.02,0.05,0.03,0.05,Matches
Marc-André ter Stegen,de GER,GK,Barcelona,29-319,1992,25,25,2250,25.0,0,0,0,0,0,3,0,0.00,0.00,0.00,0.00,0.00,0.0,0.0,0.0,0.0,0.00,0.00,0.00,0.00,0.00,Matches
David Timor,es ESP,MF,Getafe,32-149,1989,7,3,341,3.8,0,0,0,0,0,2,0,0.00,0.00,0.00,0.00,0.00,0.2,0.2,0.0,0.2,0.06,0.00,0.06,0.06,0.06,Matches
Raúl de Tomás,es ESP,FW,Espanyol,27-149,1994,26,26,2286,25.4,13,3,9,4,4,6,2,0.51,0.12,0.63,0.35,0.47,11.5,8.5,1.5,10.0,0.45,0.06,0.51,0.33,0.39,Matches
Raúl Torrente,es ESP,DF,Granada,21-014,2001,17,14,1267,14.1,0,0,0,0,0,5,0,0.00,0.00,0.00,0.00,0.00,0.3,0.3,0.8,1.2,0.02,0.06,0.08,0.02,0.08,Matches
Ferrán Torres,es ESP,FW,Barcelona,22-014,2000,7,6,550,6.1,3,2,2,1,1,0,0,0.49,0.33,0.82,0.33,0.65,4.1,3.4,0.8,4.2,0.67,0.13,0.81,0.55,0.68,Matches
Óliver Torres,es ESP,"MF,FW",Sevilla,27-125,1994,18,9,740,8.2,2,1,2,0,0,1,0,0.24,0.12,0.36,0.24,0.36,0.8,0.8,0.8,1.5,0.09,0.09,0.19,0.09,0.19,Matches
Pau Torres,es ESP,DF,Villarreal,25-058,1997,25,25,2205,24.5,4,0,4,0,0,3,0,0.16,0.00,0.16,0.16,0.16,2.6,2.6,0.9,3.5,0.11,0.04,0.14,0.11,0.14,Matches
Roberto Torres,es ESP,"MF,FW",Osasuna,33-008,1989,20,5,642,7.1,2,2,0,2,2,3,0,0.28,0.28,0.56,0.00,0.28,1.9,0.4,2.0,2.4,0.27,0.28,0.55,0.06,0.34,Matches
Lucas Torró,es ESP,MF,Osasuna,27-239,1994,25,25,2078,23.1,1,0,1,0,0,8,0,0.04,0.00,0.04,0.04,0.04,1.1,1.1,0.2,1.3,0.05,0.01,0.06,0.05,0.06,Matches
Player,Nation,Pos,Squad,Age,Born,MP,Starts,Min,90s,Gls,Ast,G-PK,PK,PKatt,CrdY,CrdR,Gls,Ast,G+A,G-PK,G+A-PK,xG,npxG,xA,npxG+xA,xG,xA,xG+xA,npxG,npxG+xA,Matches
Adama Traoré,es ESP,FW,Barcelona,26-049,1996,5,3,257,2.9,0,2,0,0,0,0,0,0.00,0.70,0.70,0.00,0.70,0.3,0.3,0.6,0.9,0.09,0.21,0.30,0.09,0.30,Matches
Óscar Trejo,ar ARG,MF,Rayo Vallecano,33-323,1988,25,20,1641,18.2,3,9,0,3,3,9,0,0.16,0.49,0.66,0.00,0.49,3.2,1.0,4.0,4.9,0.18,0.22,0.40,0.05,0.27,Matches
Manu Trigueros,es ESP,"MF,FW",Villarreal,30-149,1991,26,20,1609,17.9,5,4,5,0,0,2,0,0.28,0.22,0.50,0.28,0.50,3.4,3.4,2.5,5.8,0.19,0.14,0.33,0.19,0.33,Matches
Kieran Trippier,eng ENG,DF,Atlético Madrid,31-177,1990,15,12,976,10.8,0,0,0,0,0,1,0,0.00,0.00,0.00,0.00,0.00,0.1,0.1,0.2,0.4,0.01,0.02,0.03,0.01,0.03,Matches
Beñat Turrientes,es ESP,MF,Real Sociedad,20-043,2002,8,1,207,2.3,0,0,0,0,0,1,0,0.00,0.00,0.00,0.00,0.00,0.4,0.4,0.2,0.6,0.19,0.08,0.27,0.19,0.27,Matches
Samuel Umtiti,fr FRA,DF,Barcelona,28-121,1993,1,1,90,1.0,0,0,0,0,0,1,0,0.00,0.00,0.00,0.00,0.00,0.0,0.0,0.0,0.0,0.00,0.00,0.00,0.00,0.00,Matches
Enes Ünal,tr TUR,FW,Getafe,24-309,1997,27,23,1913,21.3,13,0,11,2,3,6,0,0.61,0.00,0.61,0.52,0.52,7.1,4.8,0.9,5.8,0.33,0.04,0.38,0.23,0.27,Matches
Myrto Uzuni,al ALB,"MF,FW",Granada,26-288,1995,6,5,414,4.6,0,0,0,0,0,3,0,0.00,0.00,0.00,0.00,0.00,1.0,1.0,0.0,1.0,0.21,0.01,0.22,0.21,0.22,Matches
Álvaro Vadillo,es ESP,"MF,DF",Espanyol,27-184,1994,3,0,7,0.1,0,0,0,0,0,1,0,0.00,0.00,0.00,0.00,0.00,0.0,0.0,0.0,0.0,0.00,0.00,0.00,0.00,0.00,Matches
Óscar Valentín,es ESP,MF,Rayo Vallecano,27-207,1994,24,19,1703,18.9,0,0,0,0,0,6,0,0.00,0.00,0.00,0.00,0.00,1.0,1.0,0.4,1.5,0.05,0.02,0.08,0.05,0.08,Matches
Germán Valera,es ESP,"FW,MF",Real Sociedad,19-364,2002,3,0,51,0.6,0,0,0,0,0,0,0,0.00,0.00,0.00,0.00,0.00,0.0,0.0,0.0,0.0,0.05,0.00,0.05,0.05,0.05,Matches
Martin Valjent,sk SVK,DF,Mallorca,26-094,1995,27,27,2371,26.3,0,0,0,0,0,3,0,0.00,0.00,0.00,0.00,0.00,0.2,0.2,0.5,0.8,0.01,0.02,0.03,0.01,0.03,Matches
Jesús Vallejo,es ESP,DF,Real Madrid,25-069,1997,1,0,8,0.1,0,0,0,0,0,0,0,0.00,0.00,0.00,0.00,0.00,0.0,0.0,0.0,0.0,0.00,0.00,0.00,0.00,0.00,Matches
Manu Vallejo,es ESP,"FW,MF",Valencia,25-029,1997,9,0,98,1.1,0,0,0,0,0,3,0,0.00,0.00,0.00,0.00,0.00,0.2,0.2,0.1,0.3,0.20,0.09,0.29,0.20,0.29,Matches
Manu Vallejo,es ESP,"FW,MF",Alavés,25-029,1997,5,0,85,0.9,0,0,0,0,0,0,0,0.00,0.00,0.00,0.00,0.00,0.2,0.2,0.0,0.2,0.22,0.00,0.22,0.22,0.22,Matches
Federico Valverde,uy URU,MF,Real Madrid,23-236,1998,22,13,1244,13.8,0,1,0,0,0,1,0,0.00,0.07,0.07,0.00,0.07,0.5,0.5,1.7,2.2,0.04,0.12,0.16,0.04,0.16,Matches
José Luis García Vayá,es ESP,MF,Levante,23-216,1998,19,15,1222,13.6,0,0,0,0,0,7,0,0.00,0.00,0.00,0.00,0.00,0.1,0.1,1.0,1.1,0.00,0.07,0.08,0.00,0.08,Matches
Jesus Vazquez,es ESP,"DF,MF",Valencia,19-072,2003,7,3,341,3.8,0,0,0,0,0,0,0,0.00,0.00,0.00,0.00,0.00,0.1,0.1,0.1,0.3,0.03,0.03,0.07,0.03,0.07,Matches
Kevin Vázquez,es ESP,DF,Celta Vigo,28-357,1993,8,7,672,7.5,0,1,0,0,0,1,0,0.00,0.13,0.13,0.00,0.13,0.0,0.0,0.0,0.1,0.00,0.00,0.01,0.00,0.01,Matches
Lucas Vázquez,es ESP,DF,Real Madrid,30-257,1991,20,12,1125,12.5,1,0,1,0,0,1,0,0.08,0.00,0.08,0.08,0.08,0.9,0.9,1.3,2.3,0.07,0.11,0.18,0.07,0.18,Matches
Gabriel Veiga,es ESP,"MF,FW",Celta Vigo,19-292,2002,2,0,9,0.1,0,0,0,0,0,0,0,0.00,0.00,0.00,0.00,0.00,0.0,0.0,0.0,0.0,0.00,0.00,0.00,0.00,0.00,Matches
Unai Vencedor Paris,es ESP,MF,Athletic Club,21-120,2000,24,22,1768,19.6,0,0,0,0,0,3,0,0.00,0.00,0.00,0.00,0.00,0.8,0.8,0.4,1.2,0.04,0.02,0.06,0.04,0.06,Matches
Gonzalo Verdú,es ESP,DF,Elche,33-145,1988,15,13,1114,12.4,0,0,0,0,0,10,0,0.00,0.00,0.00,0.00,0.00,0.1,0.1,0.0,0.1,0.01,0.00,0.01,0.01,0.01,Matches
Mikel Vesga,es ESP,MF,Athletic Club,28-298,1993,23,9,821,9.1,1,0,1,0,0,1,0,0.11,0.00,0.11,0.11,0.11,0.7,0.7,0.8,1.4,0.07,0.09,0.16,0.07,0.16,Matches
Rúben Vezo,pt POR,DF,Levante,27-324,1994,22,20,1784,19.8,0,0,0,0,0,3,0,0.00,0.00,0.00,0.00,0.00,0.6,0.6,0.2,0.8,0.03,0.01,0.04,0.03,0.04,Matches
Player,Nation,Pos,Squad,Age,Born,MP,Starts,Min,90s,Gls,Ast,G-PK,PK,PKatt,CrdY,CrdR,Gls,Ast,G+A,G-PK,G+A-PK,xG,npxG,xA,npxG+xA,xG,xA,xG+xA,npxG,npxG+xA,Matches
Aleix Vidal,es ESP,"DF,MF",Espanyol,32-206,1989,22,16,1397,15.5,2,0,2,0,0,5,0,0.13,0.00,0.13,0.13,0.13,0.7,0.7,1.2,1.9,0.05,0.08,0.12,0.05,0.12,Matches
Nacho Vidal,es ESP,DF,Osasuna,27-050,1995,26,25,2206,24.5,0,1,0,0,0,8,0,0.00,0.04,0.04,0.00,0.04,1.0,1.0,1.8,2.7,0.04,0.07,0.11,0.04,0.11,Matches
Dídac Vilà,es ESP,DF,Espanyol,32-279,1989,5,1,166,1.8,0,0,0,0,0,1,0,0.00,0.00,0.00,0.00,0.00,0.0,0.0,0.1,0.1,0.00,0.03,0.03,0.00,0.03,Matches
Tonny Vilhena,nl NED,"FW,MF",Espanyol,27-071,1995,7,6,378,4.2,1,1,1,0,0,2,0,0.24,0.24,0.48,0.24,0.48,0.7,0.7,0.5,1.2,0.16,0.13,0.29,0.16,0.29,Matches
Asier Villalibre,es ESP,FW,Athletic Club,24-166,1997,12,2,330,3.7,0,0,0,0,0,0,0,0.00,0.00,0.00,0.00,0.00,1.0,1.0,0.0,1.0,0.28,0.01,0.28,0.28,0.28,Matches
Gonzalo Villar,es ESP,MF,Getafe,23-357,1998,3,0,32,0.4,0,0,0,0,0,0,0,0.00,0.00,0.00,0.00,0.00,0.0,0.0,0.0,0.0,0.00,0.00,0.00,0.00,0.00,Matches
Vitolo,es ESP,"MF,FW",Getafe,32-133,1989,7,1,221,2.5,0,0,0,0,0,0,0,0.00,0.00,0.00,0.00,0.00,0.0,0.0,0.1,0.2,0.02,0.06,0.07,0.02,0.07,Matches
Daniel Vivian,es ESP,DF,Athletic Club,22-243,1999,16,15,1353,15.0,2,1,2,0,0,0,0,0.13,0.07,0.20,0.13,0.20,1.0,1.0,0.2,1.3,0.07,0.01,0.08,0.07,0.08,Matches
Šime Vrsaljko,hr CRO,DF,Atlético Madrid,30-064,1992,14,6,588,6.5,1,1,1,0,0,2,0,0.15,0.15,0.31,0.15,0.31,0.8,0.8,0.4,1.3,0.13,0.07,0.20,0.13,0.20,Matches
Nikola Vukčević,me MNE,MF,Levante,30-092,1991,6,0,118,1.3,0,0,0,0,0,1,0,0.00,0.00,0.00,0.00,0.00,0.0,0.0,0.0,0.0,0.01,0.02,0.03,0.01,0.03,Matches
Daniel Wass,dk DEN,MF,Valencia,32-288,1989,19,19,1582,17.6,1,1,1,0,0,6,0,0.06,0.06,0.11,0.06,0.11,1.8,1.8,0.6,2.4,0.10,0.03,0.14,0.10,0.14,Matches
Daniel Wass,dk DEN,DF,Atlético Madrid,32-288,1989,1,0,45,0.5,0,0,0,0,0,1,0,0.00,0.00,0.00,0.00,0.00,0.0,0.0,0.0,0.0,0.00,0.00,0.00,0.00,0.00,Matches
Iñaki Williams,es ESP,FW,Athletic Club,27-273,1994,28,23,2026,22.5,7,2,7,0,0,2,0,0.31,0.09,0.40,0.31,0.40,9.4,9.4,4.2,13.6,0.42,0.19,0.61,0.42,0.61,Matches
Nico Williams,es ESP,MF,Athletic Club,19-246,2002,25,6,926,10.3,0,0,0,0,0,4,0,0.00,0.00,0.00,0.00,0.00,2.4,2.4,1.2,3.6,0.24,0.12,0.35,0.24,0.35,Matches
Okay Yokuşlu,tr TUR,"MF,DF",Getafe,28-006,1994,2,1,96,1.1,0,0,0,0,0,1,0,0.00,0.00,0.00,0.00,0.00,0.0,0.0,0.0,0.0,0.00,0.00,0.00,0.00,0.00,Matches
Okay Yokuşlu,tr TUR,"DF,MF",Celta Vigo,28-006,1994,8,1,140,1.6,0,0,0,0,0,0,0,0.00,0.00,0.00,0.00,0.00,0.2,0.2,0.0,0.2,0.15,0.00,0.15,0.15,0.15,Matches
Joseba Zaldúa,es ESP,DF,Real Sociedad,29-264,1992,18,10,861,9.6,0,0,0,0,0,3,0,0.00,0.00,0.00,0.00,0.00,0.0,0.0,0.4,0.4,0.00,0.04,0.04,0.00,0.04,Matches
Oier Zarraga,es ESP,MF,Athletic Club,23-070,1999,22,8,961,10.7,1,0,0,1,1,5,0,0.09,0.00,0.09,0.00,0.00,1.3,0.5,0.2,0.7,0.12,0.02,0.14,0.05,0.07,Matches
Luca Zidane,fr FRA,"GK,MF",Rayo Vallecano,23-306,1998,7,7,555,6.2,0,0,0,0,0,0,1,0.00,0.00,0.00,0.00,0.00,0.0,0.0,0.0,0.0,0.00,0.00,0.00,0.00,0.00,Matches
Igor Zubeldia,es ESP,DF,Real Sociedad,24-350,1997,18,11,980,10.9,0,1,0,0,0,5,0,0.00,0.09,0.09,0.00,0.09,0.6,0.6,0.0,0.6,0.06,0.00,0.06,0.06,0.06,Matches
Martín Zubimendi,es ESP,MF,Real Sociedad,23-041,1999,26,16,1692,18.8,1,1,1,0,0,3,0,0.05,0.05,0.11,0.05,0.11,1.0,1.0,0.4,1.4,0.05,0.02,0.08,0.05,0.08,Matches
